
delete StaffProgram;
delete Staff;
delete ProgramCategory;
delete Category;
delete ProgramCourses;
delete CompletedCourses;
delete CompletedHighSchoolCourses;
delete CompletedProgram;
delete EntranceRequirement;
delete HighSchoolCourses;
delete NaitCourses;
delete SubjectRequirement;
delete Program;
delete ProgramType;
delete Student;



insert into Student (StudentID, Email, Password) values (1, 'chernandez0@fema.gov', 'sOb7aOzr0');
insert into Student (StudentID, Email, Password) values (2, 'sgonzales1@lulu.com', 'hPu9GUTiU1');
insert into Student (StudentID, Email, Password) values (3, 'sarmstrong2@ftc.gov', 'uzscuGd');
insert into Student (StudentID, Email, Password) values (4, 'mparker3@columbia.edu', 'NPU06nr');
insert into Student (StudentID, Email, Password) values (5, 'jross4@dailymail.co.uk', 'NnBD5lgkPYWb');
insert into Student (StudentID, Email, Password) values (6, 'lrobertson5@soup.io', 'aqyg9AfNv');
insert into Student (StudentID, Email, Password) values (7, 'jjordan6@java.com', 'G9FFZ1q');
insert into Student (StudentID, Email, Password) values (8, 'jscott7@adobe.com', 'VY7RgOS1');
insert into Student (StudentID, Email, Password) values (9, 'sreynolds8@china.com.cn', 'SxpJ781XP');
insert into Student (StudentID, Email, Password) values (10, 'jortiz9@theguardian.com', '4mOZXe1ji8');
insert into Student (StudentID, Email, Password) values (11, 'aarnolda@independent.co.uk', 'jwYlXX2M');
insert into Student (StudentID, Email, Password) values (12, 'bpetersonb@chronoengine.com', 'uNASuvFT');
insert into Student (StudentID, Email, Password) values (13, 'twashingtonc@opensource.org', 'WJsnDsjk');
insert into Student (StudentID, Email, Password) values (14, 'shamiltond@cafepress.com', 'pOdXLojg');
insert into Student (StudentID, Email, Password) values (15, 'cphillipse@gmpg.org', 'es9SdY1ov');
insert into Student (StudentID, Email, Password) values (16, 'bbakerf@yelp.com', 'T31Ev5QG');
insert into Student (StudentID, Email, Password) values (17, 'shenryg@yahoo.com', 'Lfd8h5w0t');
insert into Student (StudentID, Email, Password) values (18, 'amoralesh@naver.com', 'Y6Hoic9');
insert into Student (StudentID, Email, Password) values (19, 'kowensi@tmall.com', 's98hd8yt88Q3');
insert into Student (StudentID, Email, Password) values (20, 'apetersj@alibaba.com', 'ZX9YvTGntU');
insert into Student (StudentID, Email, Password) values (21, 'gjonesk@answers.com', 'Be2nZd13R');
insert into Student (StudentID, Email, Password) values (22, 'mmorenol@cafepress.com', 'Dkk8F3');
insert into Student (StudentID, Email, Password) values (23, 'mfranklinm@house.gov', 'vbs2hCIdL0X');
insert into Student (StudentID, Email, Password) values (24, 'bwoodn@earthlink.net', '10UUiA');
insert into Student (StudentID, Email, Password) values (25, 'jhugheso@printfriendly.com', 'tKvyZZ74w');
insert into Student (StudentID, Email, Password) values (26, 'dfowlerp@fc2.com', 'PaiYCvRJviy');
insert into Student (StudentID, Email, Password) values (27, 'gdayq@webmd.com', 'IDocaUqwnsWg');
insert into Student (StudentID, Email, Password) values (28, 'baustinr@eventbrite.com', 'cKKdJBD');
insert into Student (StudentID, Email, Password) values (29, 'mholmess@phoca.cz', 'Y3gS64Ev');
insert into Student (StudentID, Email, Password) values (30, 'aowenst@newsvine.com', 'j27XTAkq3');
insert into Student (StudentID, Email, Password) values (31, 'jstoneu@paypal.com', 'iznAsR');
insert into Student (StudentID, Email, Password) values (32, 'lbradleyv@google.de', 'riuyvQ');
insert into Student (StudentID, Email, Password) values (33, 'bporterw@bing.com', 'OTbaQJBW');
insert into Student (StudentID, Email, Password) values (34, 'rbrooksx@mysql.com', '3s1Tdamb');
insert into Student (StudentID, Email, Password) values (35, 'dwardy@boston.com', '50wGo5X');
insert into Student (StudentID, Email, Password) values (36, 'gwoodsz@phpbb.com', 'euySdP6fhth');
insert into Student (StudentID, Email, Password) values (37, 'cgeorge10@scientificamerican.com', 'X2xH0ep3');
insert into Student (StudentID, Email, Password) values (38, 'pvasquez11@tinypic.com', 'IFd5OcOe');
insert into Student (StudentID, Email, Password) values (39, 'bperkins12@bravesites.com', 'kdYTcW');
insert into Student (StudentID, Email, Password) values (40, 'twilliamson13@icio.us', 'tNBt6FABl4v');
insert into Student (StudentID, Email, Password) values (41, 'lpatterson14@so-net.ne.jp', 'uXHOm4aV');
insert into Student (StudentID, Email, Password) values (42, 'kwatkins15@umn.edu', 'EBmNaX5nDK');
insert into Student (StudentID, Email, Password) values (43, 'mstone16@si.edu', 'B9PHOI');
insert into Student (StudentID, Email, Password) values (44, 'cmontgomery17@usa.gov', '09Bg2E');
insert into Student (StudentID, Email, Password) values (45, 'breynolds18@artisteer.com', 'B9GNgk');
insert into Student (StudentID, Email, Password) values (46, 'aday19@google.com.hk', 'r2sAemJ5');
insert into Student (StudentID, Email, Password) values (47, 'mreed1a@hostgator.com', 'qmIwh6K');
insert into Student (StudentID, Email, Password) values (48, 'hprice1b@theatlantic.com', 'EUg6ZKJd67l');
insert into Student (StudentID, Email, Password) values (49, 'klynch1c@dell.com', 'LvSiGC72QGB9');
insert into Student (StudentID, Email, Password) values (50, 'jmeyer1d@jalbum.net', '4xhFeHhLfwX');
insert into Student (StudentID, Email, Password) values (51, 'dperkins1e@rambler.ru', 'Q9j10Iq');
insert into Student (StudentID, Email, Password) values (52, 'phudson1f@toplist.cz', 'l36Q2zq');
insert into Student (StudentID, Email, Password) values (53, 'bhill1g@psu.edu', 'chVrCXe');
insert into Student (StudentID, Email, Password) values (54, 'jpeters1h@dell.com', 'mXYDh1gHi1');
insert into Student (StudentID, Email, Password) values (55, 'swells1i@amazonaws.com', 'GoUS3yeUJ');
insert into Student (StudentID, Email, Password) values (56, 'wmendoza1j@altervista.org', 'yfa3cnG');
insert into Student (StudentID, Email, Password) values (57, 'csanchez1k@epa.gov', 'dIhOLGAL');
insert into Student (StudentID, Email, Password) values (58, 'aharrison1l@youku.com', '6cScAxmTye');
insert into Student (StudentID, Email, Password) values (59, 'cbowman1m@blogspot.com', 'enJGrUO7');
insert into Student (StudentID, Email, Password) values (60, 'belliott1n@tinypic.com', 'qbBhU2EK4X');
insert into Student (StudentID, Email, Password) values (61, 'jbrooks1o@opera.com', '0jzrQg');
insert into Student (StudentID, Email, Password) values (62, 'sstephens1p@narod.ru', 'Pq7ora');
insert into Student (StudentID, Email, Password) values (63, 'astanley1q@pen.io', 'Sr7t4KRa');
insert into Student (StudentID, Email, Password) values (64, 'dgardner1r@samsung.com', 'Z6zdFAxLPR');
insert into Student (StudentID, Email, Password) values (65, 'lwatkins1s@dell.com', 'ANwIvgB');
insert into Student (StudentID, Email, Password) values (66, 'jpalmer1t@simplemachines.org', '1CgYVqCAf6');
insert into Student (StudentID, Email, Password) values (67, 'rholmes1u@mapquest.com', 'HZLfB5S');
insert into Student (StudentID, Email, Password) values (68, 'jmiller1v@techcrunch.com', 'zUzFUM');
insert into Student (StudentID, Email, Password) values (69, 'bhawkins1w@addtoany.com', 'ZiSBVn');
insert into Student (StudentID, Email, Password) values (70, 'kpierce1x@posterous.com', 'qZI1ePJ');
insert into Student (StudentID, Email, Password) values (71, 'eperkins1y@vistaprint.com', '9Dl71W2SSQ');
insert into Student (StudentID, Email, Password) values (72, 'ewright1z@creativecommons.org', '6Z07F4Xte2');
insert into Student (StudentID, Email, Password) values (73, 'jchapman20@joomla.org', 'ZcPGuDmx3');
insert into Student (StudentID, Email, Password) values (74, 'jadams21@bbb.org', 'DZ36FVJmqo');
insert into Student (StudentID, Email, Password) values (75, 'wrice22@blogs.com', 'Pd3xukhyfMw');
insert into Student (StudentID, Email, Password) values (76, 'bhayes23@fc2.com', 'o1ny3sZ');
insert into Student (StudentID, Email, Password) values (77, 'alewis24@squidoo.com', 'qmEEO2');
insert into Student (StudentID, Email, Password) values (78, 'dgreen25@devhub.com', 'nYZtRQgGvPVV');
insert into Student (StudentID, Email, Password) values (79, 'jgraham26@flickr.com', 'Cgq7AE9pU');
insert into Student (StudentID, Email, Password) values (80, 'ebailey27@phpbb.com', 'JVMwXhwb8tD');
insert into Student (StudentID, Email, Password) values (81, 'bschmidt28@wufoo.com', 'J4te0xxOKa');
insert into Student (StudentID, Email, Password) values (82, 'rmoreno29@cbsnews.com', 'lSIYIHocRt8l');
insert into Student (StudentID, Email, Password) values (83, 'wgreene2a@google.de', 'eVjWS4H');
insert into Student (StudentID, Email, Password) values (84, 'aday2b@europa.eu', '24gDwV');
insert into Student (StudentID, Email, Password) values (85, 'chall2c@deliciousdays.com', 'AFD9IaYTsHp');
insert into Student (StudentID, Email, Password) values (86, 'smurray2d@friendfeed.com', '1Xmt07i');
insert into Student (StudentID, Email, Password) values (87, 'briley2e@bizjournals.com', '7vDZOuMbdKF');
insert into Student (StudentID, Email, Password) values (88, 'dlong2f@phpbb.com', 'Lij6grOR03uu');
insert into Student (StudentID, Email, Password) values (89, 'rrobinson2g@smugmug.com', 'LwMdcYQM');
insert into Student (StudentID, Email, Password) values (90, 'mwhite2h@mysql.com', 'XL3oErkC79d5');
insert into Student (StudentID, Email, Password) values (91, 'rdixon2i@tumblr.com', 'VIXX3XlGIi');
insert into Student (StudentID, Email, Password) values (92, 'hhenry2j@noaa.gov', 'ze4CL9HILH');
insert into Student (StudentID, Email, Password) values (93, 'jmurphy2k@samsung.com', 'ULHpgV7da');
insert into Student (StudentID, Email, Password) values (94, 'lhoward2l@instagram.com', 'bay6uweJNsOO');
insert into Student (StudentID, Email, Password) values (95, 'mhunter2m@fda.gov', 'J4rQMjT');
insert into Student (StudentID, Email, Password) values (96, 'mday2n@mtv.com', '1ECGaAq0q');
insert into Student (StudentID, Email, Password) values (97, 'jpeters2o@indiatimes.com', 'lnm90hx');
insert into Student (StudentID, Email, Password) values (98, 'lross2p@senate.gov', 'TjnmjHGJ8');
insert into Student (StudentID, Email, Password) values (99, 'slawson2q@fastcompany.com', 'bJbPpW');
insert into Student (StudentID, Email, Password) values (100, 'rwallace2r@webnode.com', 'vybrNL4z5');



insert into ProgramType (ProgramTypeID, ProgramTypeDescription) values (1, 'ultrices mattis odio');
insert into ProgramType (ProgramTypeID, ProgramTypeDescription) values (2, 'mauris');
insert into ProgramType (ProgramTypeID, ProgramTypeDescription) values (3, 'platea dictumst maecenas');
insert into ProgramType (ProgramTypeID, ProgramTypeDescription) values (4, 'vulputate vitae nisl');
insert into ProgramType (ProgramTypeID, ProgramTypeDescription) values (5, 'eget');
insert into ProgramType (ProgramTypeID, ProgramTypeDescription) values (6, 'curabitur in libero');
insert into ProgramType (ProgramTypeID, ProgramTypeDescription) values (7, 'cubilia curae');
insert into ProgramType (ProgramTypeID, ProgramTypeDescription) values (8, 'nibh in');
insert into ProgramType (ProgramTypeID, ProgramTypeDescription) values (9, 'imperdiet');
insert into ProgramType (ProgramTypeID, ProgramTypeDescription) values (10, 'et commodo');
insert into ProgramType (ProgramTypeID, ProgramTypeDescription) values (11, 'fringilla');
insert into ProgramType (ProgramTypeID, ProgramTypeDescription) values (12, 'leo odio');
insert into ProgramType (ProgramTypeID, ProgramTypeDescription) values (13, 'maecenas rhoncus');
insert into ProgramType (ProgramTypeID, ProgramTypeDescription) values (14, 'eleifend luctus');
insert into ProgramType (ProgramTypeID, ProgramTypeDescription) values (15, 'interdum eu');
insert into ProgramType (ProgramTypeID, ProgramTypeDescription) values (16, 'nam nulla integer');
insert into ProgramType (ProgramTypeID, ProgramTypeDescription) values (17, 'augue quam sollicitudin');
insert into ProgramType (ProgramTypeID, ProgramTypeDescription) values (18, 'commodo placerat praesent');
insert into ProgramType (ProgramTypeID, ProgramTypeDescription) values (19, 'tincidunt');
insert into ProgramType (ProgramTypeID, ProgramTypeDescription) values (20, 'turpis sed ante');


insert into Program (ProgramID, ProgramName, TotalCredits, ProgramLength, Active, WorkOutdoors, ShiftWork, WorkTravel, ProgramLink, ProgramTypeID) values (1, 'dolor sit', 122.76, 1, 0, 1, 1, 0, '/erat/id/mauris/vulputate/elementum/nullam/varius.js', 5);
insert into Program (ProgramID, ProgramName, TotalCredits, ProgramLength, Active, WorkOutdoors, ShiftWork, WorkTravel, ProgramLink, ProgramTypeID) values (2, 'congue elementum', 128.15, 5, 0, 0, 0, 0, '/phasellus/id/sapien/in/sapien/iaculis/congue.jpg', 11);
insert into Program (ProgramID, ProgramName, TotalCredits, ProgramLength, Active, WorkOutdoors, ShiftWork, WorkTravel, ProgramLink, ProgramTypeID) values (3, 'sit amet', 70.01, 5, 1, 0, 1, 0, '/justo/in/hac/habitasse/platea/dictumst.png', 20);
insert into Program (ProgramID, ProgramName, TotalCredits, ProgramLength, Active, WorkOutdoors, ShiftWork, WorkTravel, ProgramLink, ProgramTypeID) values (4, 'tortor sollicitudin mi', 79.39, 5, 1, 0, 0, 0, '/orci/pede/venenatis.json', 2);
insert into Program (ProgramID, ProgramName, TotalCredits, ProgramLength, Active, WorkOutdoors, ShiftWork, WorkTravel, ProgramLink, ProgramTypeID) values (5, 'dolor vel est', 58.16, 2, 1, 1, 0, 1, '/sit.png', 4);
insert into Program (ProgramID, ProgramName, TotalCredits, ProgramLength, Active, WorkOutdoors, ShiftWork, WorkTravel, ProgramLink, ProgramTypeID) values (6, 'maecenas tincidunt', 105.35, 1, 1, 0, 0, 0, '/parturient/montes/nascetur/ridiculus.jsp', 4);
insert into Program (ProgramID, ProgramName, TotalCredits, ProgramLength, Active, WorkOutdoors, ShiftWork, WorkTravel, ProgramLink, ProgramTypeID) values (7, 'luctus tincidunt nulla', 82.43, 3, 0, 1, 1, 0, '/ante/ipsum/primis/in.jsp', 10);
insert into Program (ProgramID, ProgramName, TotalCredits, ProgramLength, Active, WorkOutdoors, ShiftWork, WorkTravel, ProgramLink, ProgramTypeID) values (8, 'volutpat', 141.42, 5, 0, 1, 1, 0, '/erat/vestibulum.aspx', 17);
insert into Program (ProgramID, ProgramName, TotalCredits, ProgramLength, Active, WorkOutdoors, ShiftWork, WorkTravel, ProgramLink, ProgramTypeID) values (9, 'ante ipsum primis', 137.78, 5, 0, 0, 1, 0, '/vivamus/in/felis/eu/sapien/cursus/vestibulum.png', 1);
insert into Program (ProgramID, ProgramName, TotalCredits, ProgramLength, Active, WorkOutdoors, ShiftWork, WorkTravel, ProgramLink, ProgramTypeID) values (10, 'convallis duis', 74.97, 5, 0, 1, 1, 1, '/eu/pede.aspx', 16);
insert into Program (ProgramID, ProgramName, TotalCredits, ProgramLength, Active, WorkOutdoors, ShiftWork, WorkTravel, ProgramLink, ProgramTypeID) values (11, 'nunc', 69.79, 5, 0, 1, 1, 1, '/vulputate/ut.xml', 10);
insert into Program (ProgramID, ProgramName, TotalCredits, ProgramLength, Active, WorkOutdoors, ShiftWork, WorkTravel, ProgramLink, ProgramTypeID) values (12, 'volutpat', 72.64, 5, 1, 0, 1, 0, '/vel/nulla/eget/eros.aspx', 16);
insert into Program (ProgramID, ProgramName, TotalCredits, ProgramLength, Active, WorkOutdoors, ShiftWork, WorkTravel, ProgramLink, ProgramTypeID) values (13, 'vestibulum', 81.24, 4, 1, 0, 1, 1, '/at/turpis/a/pede.json', 3);
insert into Program (ProgramID, ProgramName, TotalCredits, ProgramLength, Active, WorkOutdoors, ShiftWork, WorkTravel, ProgramLink, ProgramTypeID) values (14, 'nulla', 103.33, 6, 0, 0, 1, 1, '/velit.jpg', 15);
insert into Program (ProgramID, ProgramName, TotalCredits, ProgramLength, Active, WorkOutdoors, ShiftWork, WorkTravel, ProgramLink, ProgramTypeID) values (15, 'natoque penatibus et', 77.46, 2, 1, 0, 0, 1, '/vulputate/ut/ultrices/vel/augue/vestibulum/ante.aspx', 20);
insert into Program (ProgramID, ProgramName, TotalCredits, ProgramLength, Active, WorkOutdoors, ShiftWork, WorkTravel, ProgramLink, ProgramTypeID) values (16, 'in', 82.25, 5, 0, 0, 1, 0, '/lectus/pellentesque/eget/nunc/donec/quis/orci.png', 2);
insert into Program (ProgramID, ProgramName, TotalCredits, ProgramLength, Active, WorkOutdoors, ShiftWork, WorkTravel, ProgramLink, ProgramTypeID) values (17, 'sagittis dui vel', 107.26, 2, 1, 1, 1, 0, '/felis/fusce.jsp', 19);
insert into Program (ProgramID, ProgramName, TotalCredits, ProgramLength, Active, WorkOutdoors, ShiftWork, WorkTravel, ProgramLink, ProgramTypeID) values (18, 'bibendum felis sed', 89.79, 2, 1, 0, 0, 0, '/scelerisque/mauris/sit/amet/eros/suspendisse/accumsan.xml', 18);
insert into Program (ProgramID, ProgramName, TotalCredits, ProgramLength, Active, WorkOutdoors, ShiftWork, WorkTravel, ProgramLink, ProgramTypeID) values (19, 'molestie', 114.93, 2, 0, 1, 1, 0, '/porttitor/lorem/id/ligula/suspendisse/ornare/consequat.js', 19);
insert into Program (ProgramID, ProgramName, TotalCredits, ProgramLength, Active, WorkOutdoors, ShiftWork, WorkTravel, ProgramLink, ProgramTypeID) values (20, 'in', 113.32, 3, 0, 0, 0, 1, '/justo/eu/massa/donec.jsp', 6);
insert into Program (ProgramID, ProgramName, TotalCredits, ProgramLength, Active, WorkOutdoors, ShiftWork, WorkTravel, ProgramLink, ProgramTypeID) values (21, 'aliquet at feugiat', 109.27, 2, 0, 1, 0, 1, '/dictumst/etiam/faucibus.png', 6);
insert into Program (ProgramID, ProgramName, TotalCredits, ProgramLength, Active, WorkOutdoors, ShiftWork, WorkTravel, ProgramLink, ProgramTypeID) values (22, 'at', 104.46, 3, 0, 1, 1, 0, '/vel/augue/vestibulum/ante/ipsum.xml', 3);
insert into Program (ProgramID, ProgramName, TotalCredits, ProgramLength, Active, WorkOutdoors, ShiftWork, WorkTravel, ProgramLink, ProgramTypeID) values (23, 'odio porttitor id', 57.72, 1, 1, 0, 1, 1, '/varius/ut/blandit/non/interdum/in.png', 19);
insert into Program (ProgramID, ProgramName, TotalCredits, ProgramLength, Active, WorkOutdoors, ShiftWork, WorkTravel, ProgramLink, ProgramTypeID) values (24, 'pede', 100.52, 1, 0, 0, 0, 0, '/in/faucibus/orci.js', 6);
insert into Program (ProgramID, ProgramName, TotalCredits, ProgramLength, Active, WorkOutdoors, ShiftWork, WorkTravel, ProgramLink, ProgramTypeID) values (25, 'curae', 56.33, 2, 0, 1, 1, 1, '/velit/eu/est/congue/elementum/in.html', 1);
insert into Program (ProgramID, ProgramName, TotalCredits, ProgramLength, Active, WorkOutdoors, ShiftWork, WorkTravel, ProgramLink, ProgramTypeID) values (26, 'felis ut at', 55.61, 1, 0, 1, 0, 0, '/proin/eu/mi/nulla/ac.js', 5);
insert into Program (ProgramID, ProgramName, TotalCredits, ProgramLength, Active, WorkOutdoors, ShiftWork, WorkTravel, ProgramLink, ProgramTypeID) values (27, 'amet nulla quisque', 114.89, 5, 1, 0, 0, 0, '/non/mattis/pulvinar/nulla/pede.jsp', 16);
insert into Program (ProgramID, ProgramName, TotalCredits, ProgramLength, Active, WorkOutdoors, ShiftWork, WorkTravel, ProgramLink, ProgramTypeID) values (28, 'pede libero', 94.46, 6, 1, 0, 1, 1, '/pellentesque/ultrices/mattis.js', 8);
insert into Program (ProgramID, ProgramName, TotalCredits, ProgramLength, Active, WorkOutdoors, ShiftWork, WorkTravel, ProgramLink, ProgramTypeID) values (29, 'lacus at', 71.46, 6, 1, 1, 1, 0, '/velit/donec/diam.jpg', 11);
insert into Program (ProgramID, ProgramName, TotalCredits, ProgramLength, Active, WorkOutdoors, ShiftWork, WorkTravel, ProgramLink, ProgramTypeID) values (30, 'duis', 126.68, 4, 0, 1, 0, 1, '/justo/pellentesque/viverra/pede.aspx', 12);
insert into Program (ProgramID, ProgramName, TotalCredits, ProgramLength, Active, WorkOutdoors, ShiftWork, WorkTravel, ProgramLink, ProgramTypeID) values (31, 'pede', 127.25, 3, 0, 0, 1, 0, '/sapien/cursus/vestibulum/proin.json', 3);
insert into Program (ProgramID, ProgramName, TotalCredits, ProgramLength, Active, WorkOutdoors, ShiftWork, WorkTravel, ProgramLink, ProgramTypeID) values (32, 'libero rutrum', 135.65, 4, 0, 0, 0, 1, '/mauris/enim/leo/rhoncus/sed/vestibulum/sit.png', 18);
insert into Program (ProgramID, ProgramName, TotalCredits, ProgramLength, Active, WorkOutdoors, ShiftWork, WorkTravel, ProgramLink, ProgramTypeID) values (33, 'hac', 50.82, 1, 1, 1, 0, 0, '/sed.js', 4);
insert into Program (ProgramID, ProgramName, TotalCredits, ProgramLength, Active, WorkOutdoors, ShiftWork, WorkTravel, ProgramLink, ProgramTypeID) values (34, 'in', 127.5, 2, 1, 0, 1, 1, '/feugiat/non/pretium/quis/lectus/suspendisse.js', 11);
insert into Program (ProgramID, ProgramName, TotalCredits, ProgramLength, Active, WorkOutdoors, ShiftWork, WorkTravel, ProgramLink, ProgramTypeID) values (35, 'odio porttitor', 104.66, 1, 1, 0, 1, 1, '/condimentum/id/luctus/nec/molestie/sed.js', 16);
insert into Program (ProgramID, ProgramName, TotalCredits, ProgramLength, Active, WorkOutdoors, ShiftWork, WorkTravel, ProgramLink, ProgramTypeID) values (36, 'dapibus', 80.6, 2, 1, 1, 1, 0, '/turpis/sed/ante.js', 12);
insert into Program (ProgramID, ProgramName, TotalCredits, ProgramLength, Active, WorkOutdoors, ShiftWork, WorkTravel, ProgramLink, ProgramTypeID) values (37, 'tincidunt', 97.36, 3, 1, 1, 1, 0, '/viverra/pede/ac/diam.aspx', 5);
insert into Program (ProgramID, ProgramName, TotalCredits, ProgramLength, Active, WorkOutdoors, ShiftWork, WorkTravel, ProgramLink, ProgramTypeID) values (38, 'lorem', 79.9, 4, 0, 1, 0, 1, '/eget/elit/sodales/scelerisque/mauris.xml', 1);
insert into Program (ProgramID, ProgramName, TotalCredits, ProgramLength, Active, WorkOutdoors, ShiftWork, WorkTravel, ProgramLink, ProgramTypeID) values (39, 'orci nullam molestie', 82.47, 2, 0, 1, 1, 0, '/nibh/quisque/id/justo/sit/amet/sapien.aspx', 6);
insert into Program (ProgramID, ProgramName, TotalCredits, ProgramLength, Active, WorkOutdoors, ShiftWork, WorkTravel, ProgramLink, ProgramTypeID) values (40, 'consequat ut', 117.61, 5, 1, 1, 1, 0, '/commodo.html', 11);
insert into Program (ProgramID, ProgramName, TotalCredits, ProgramLength, Active, WorkOutdoors, ShiftWork, WorkTravel, ProgramLink, ProgramTypeID) values (41, 'iaculis justo', 86.88, 4, 0, 0, 0, 1, '/viverra/dapibus/nulla.jsp', 3);
insert into Program (ProgramID, ProgramName, TotalCredits, ProgramLength, Active, WorkOutdoors, ShiftWork, WorkTravel, ProgramLink, ProgramTypeID) values (42, 'vestibulum', 127.42, 1, 0, 1, 1, 1, '/purus/phasellus/in/felis/donec/semper.json', 8);
insert into Program (ProgramID, ProgramName, TotalCredits, ProgramLength, Active, WorkOutdoors, ShiftWork, WorkTravel, ProgramLink, ProgramTypeID) values (43, 'bibendum', 129.81, 4, 0, 0, 0, 0, '/aenean/sit/amet/justo/morbi.js', 8);
insert into Program (ProgramID, ProgramName, TotalCredits, ProgramLength, Active, WorkOutdoors, ShiftWork, WorkTravel, ProgramLink, ProgramTypeID) values (44, 'id turpis integer', 144.47, 6, 1, 1, 1, 1, '/pellentesque.html', 3);
insert into Program (ProgramID, ProgramName, TotalCredits, ProgramLength, Active, WorkOutdoors, ShiftWork, WorkTravel, ProgramLink, ProgramTypeID) values (45, 'luctus cum sociis', 122.39, 1, 0, 1, 1, 0, '/vestibulum/sed/magna/at.js', 7);
insert into Program (ProgramID, ProgramName, TotalCredits, ProgramLength, Active, WorkOutdoors, ShiftWork, WorkTravel, ProgramLink, ProgramTypeID) values (46, 'duis bibendum felis', 87.03, 6, 0, 0, 0, 0, '/eget/rutrum/at.html', 9);
insert into Program (ProgramID, ProgramName, TotalCredits, ProgramLength, Active, WorkOutdoors, ShiftWork, WorkTravel, ProgramLink, ProgramTypeID) values (47, 'justo', 90.34, 1, 0, 0, 0, 0, '/proin/leo/odio/porttitor/id.html', 9);
insert into Program (ProgramID, ProgramName, TotalCredits, ProgramLength, Active, WorkOutdoors, ShiftWork, WorkTravel, ProgramLink, ProgramTypeID) values (48, 'non lectus', 56.84, 5, 0, 1, 1, 1, '/eget/tempus/vel/pede/morbi.js', 1);
insert into Program (ProgramID, ProgramName, TotalCredits, ProgramLength, Active, WorkOutdoors, ShiftWork, WorkTravel, ProgramLink, ProgramTypeID) values (49, 'feugiat et', 106.84, 3, 1, 1, 0, 1, '/quis/odio/consequat.png', 13);
insert into Program (ProgramID, ProgramName, TotalCredits, ProgramLength, Active, WorkOutdoors, ShiftWork, WorkTravel, ProgramLink, ProgramTypeID) values (50, 'ipsum', 99.34, 6, 1, 1, 0, 1, '/sit.xml', 10);
insert into Program (ProgramID, ProgramName, TotalCredits, ProgramLength, Active, WorkOutdoors, ShiftWork, WorkTravel, ProgramLink, ProgramTypeID) values (51, 'curae duis faucibus', 135.93, 4, 1, 0, 0, 0, '/curabitur/gravida/nisi/at/nibh/in.jsp', 4);
insert into Program (ProgramID, ProgramName, TotalCredits, ProgramLength, Active, WorkOutdoors, ShiftWork, WorkTravel, ProgramLink, ProgramTypeID) values (52, 'nec', 77.53, 2, 1, 0, 1, 0, '/turpis.json', 7);
insert into Program (ProgramID, ProgramName, TotalCredits, ProgramLength, Active, WorkOutdoors, ShiftWork, WorkTravel, ProgramLink, ProgramTypeID) values (53, 'amet eros', 84.55, 4, 0, 1, 0, 0, '/volutpat/erat/quisque/erat.json', 8);
insert into Program (ProgramID, ProgramName, TotalCredits, ProgramLength, Active, WorkOutdoors, ShiftWork, WorkTravel, ProgramLink, ProgramTypeID) values (54, 'etiam', 104.14, 2, 1, 1, 0, 0, '/sociis/natoque/penatibus/et.png', 3);
insert into Program (ProgramID, ProgramName, TotalCredits, ProgramLength, Active, WorkOutdoors, ShiftWork, WorkTravel, ProgramLink, ProgramTypeID) values (55, 'maecenas', 112.78, 4, 0, 0, 0, 0, '/morbi/vel/lectus/in/quam.json', 1);
insert into Program (ProgramID, ProgramName, TotalCredits, ProgramLength, Active, WorkOutdoors, ShiftWork, WorkTravel, ProgramLink, ProgramTypeID) values (56, 'eu mi nulla', 99.64, 5, 0, 0, 1, 0, '/nulla/pede.js', 20);
insert into Program (ProgramID, ProgramName, TotalCredits, ProgramLength, Active, WorkOutdoors, ShiftWork, WorkTravel, ProgramLink, ProgramTypeID) values (57, 'justo', 99.43, 1, 1, 0, 0, 1, '/vel/lectus/in.xml', 19);
insert into Program (ProgramID, ProgramName, TotalCredits, ProgramLength, Active, WorkOutdoors, ShiftWork, WorkTravel, ProgramLink, ProgramTypeID) values (58, 'eget eros', 138.53, 5, 0, 0, 1, 0, '/suscipit/nulla/elit/ac.xml', 10);
insert into Program (ProgramID, ProgramName, TotalCredits, ProgramLength, Active, WorkOutdoors, ShiftWork, WorkTravel, ProgramLink, ProgramTypeID) values (59, 'vel augue vestibulum', 127.85, 1, 1, 1, 1, 1, '/magnis/dis/parturient/montes/nascetur/ridiculus.js', 13);
insert into Program (ProgramID, ProgramName, TotalCredits, ProgramLength, Active, WorkOutdoors, ShiftWork, WorkTravel, ProgramLink, ProgramTypeID) values (60, 'vulputate', 109.62, 2, 0, 1, 1, 0, '/in/quam/fringilla.json', 12);
insert into Program (ProgramID, ProgramName, TotalCredits, ProgramLength, Active, WorkOutdoors, ShiftWork, WorkTravel, ProgramLink, ProgramTypeID) values (61, 'justo sollicitudin', 132.35, 2, 1, 1, 1, 1, '/donec/posuere/metus/vitae.xml', 8);
insert into Program (ProgramID, ProgramName, TotalCredits, ProgramLength, Active, WorkOutdoors, ShiftWork, WorkTravel, ProgramLink, ProgramTypeID) values (62, 'suscipit a', 53.35, 1, 1, 1, 0, 1, '/vulputate/vitae/nisl/aenean/lectus.aspx', 7);
insert into Program (ProgramID, ProgramName, TotalCredits, ProgramLength, Active, WorkOutdoors, ShiftWork, WorkTravel, ProgramLink, ProgramTypeID) values (63, 'tortor id nulla', 106.13, 4, 0, 1, 1, 0, '/convallis/duis/consequat.html', 9);
insert into Program (ProgramID, ProgramName, TotalCredits, ProgramLength, Active, WorkOutdoors, ShiftWork, WorkTravel, ProgramLink, ProgramTypeID) values (64, 'sed vestibulum sit', 51.26, 6, 0, 0, 1, 0, '/eu/est.xml', 1);
insert into Program (ProgramID, ProgramName, TotalCredits, ProgramLength, Active, WorkOutdoors, ShiftWork, WorkTravel, ProgramLink, ProgramTypeID) values (65, 'molestie hendrerit at', 95.3, 6, 1, 0, 0, 0, '/eros/suspendisse/accumsan.js', 19);
insert into Program (ProgramID, ProgramName, TotalCredits, ProgramLength, Active, WorkOutdoors, ShiftWork, WorkTravel, ProgramLink, ProgramTypeID) values (66, 'nulla', 113.39, 1, 1, 0, 0, 0, '/integer/a/nibh/in/quis.aspx', 12);
insert into Program (ProgramID, ProgramName, TotalCredits, ProgramLength, Active, WorkOutdoors, ShiftWork, WorkTravel, ProgramLink, ProgramTypeID) values (67, 'a ipsum integer', 113.92, 4, 0, 0, 0, 0, '/consequat/in/consequat.aspx', 1);
insert into Program (ProgramID, ProgramName, TotalCredits, ProgramLength, Active, WorkOutdoors, ShiftWork, WorkTravel, ProgramLink, ProgramTypeID) values (68, 'in', 97.39, 1, 0, 1, 0, 0, '/sit/amet/consectetuer/adipiscing.jsp', 8);
insert into Program (ProgramID, ProgramName, TotalCredits, ProgramLength, Active, WorkOutdoors, ShiftWork, WorkTravel, ProgramLink, ProgramTypeID) values (69, 'sociis', 66.58, 3, 1, 0, 1, 1, '/sit/amet/diam.html', 7);
insert into Program (ProgramID, ProgramName, TotalCredits, ProgramLength, Active, WorkOutdoors, ShiftWork, WorkTravel, ProgramLink, ProgramTypeID) values (70, 'nec molestie', 147.11, 1, 1, 1, 0, 0, '/id/mauris/vulputate/elementum/nullam/varius.js', 4);
insert into Program (ProgramID, ProgramName, TotalCredits, ProgramLength, Active, WorkOutdoors, ShiftWork, WorkTravel, ProgramLink, ProgramTypeID) values (71, 'tortor sollicitudin', 60.07, 1, 0, 1, 1, 1, '/ornare/imperdiet/sapien/urna/pretium/nisl/ut.aspx', 10);
insert into Program (ProgramID, ProgramName, TotalCredits, ProgramLength, Active, WorkOutdoors, ShiftWork, WorkTravel, ProgramLink, ProgramTypeID) values (72, 'quis libero nullam', 145.82, 6, 1, 0, 0, 1, '/nisi/eu/orci/mauris.png', 18);
insert into Program (ProgramID, ProgramName, TotalCredits, ProgramLength, Active, WorkOutdoors, ShiftWork, WorkTravel, ProgramLink, ProgramTypeID) values (73, 'curabitur gravida nisi', 145.85, 4, 1, 0, 0, 0, '/quis/justo.png', 16);
insert into Program (ProgramID, ProgramName, TotalCredits, ProgramLength, Active, WorkOutdoors, ShiftWork, WorkTravel, ProgramLink, ProgramTypeID) values (74, 'pede', 129.41, 1, 1, 0, 1, 1, '/nunc/viverra/dapibus/nulla.png', 18);
insert into Program (ProgramID, ProgramName, TotalCredits, ProgramLength, Active, WorkOutdoors, ShiftWork, WorkTravel, ProgramLink, ProgramTypeID) values (75, 'morbi vel lectus', 144.16, 6, 0, 1, 0, 1, '/congue/vivamus/metus/arcu/adipiscing/molestie.jsp', 8);
insert into Program (ProgramID, ProgramName, TotalCredits, ProgramLength, Active, WorkOutdoors, ShiftWork, WorkTravel, ProgramLink, ProgramTypeID) values (76, 'laoreet ut rhoncus', 120.04, 2, 0, 0, 0, 1, '/leo.xml', 16);
insert into Program (ProgramID, ProgramName, TotalCredits, ProgramLength, Active, WorkOutdoors, ShiftWork, WorkTravel, ProgramLink, ProgramTypeID) values (77, 'vivamus', 105.79, 5, 1, 1, 0, 1, '/augue/vestibulum/ante/ipsum/primis.json', 7);
insert into Program (ProgramID, ProgramName, TotalCredits, ProgramLength, Active, WorkOutdoors, ShiftWork, WorkTravel, ProgramLink, ProgramTypeID) values (78, 'risus semper porta', 96.44, 1, 1, 1, 0, 0, '/rhoncus/sed/vestibulum/sit/amet.html', 13);
insert into Program (ProgramID, ProgramName, TotalCredits, ProgramLength, Active, WorkOutdoors, ShiftWork, WorkTravel, ProgramLink, ProgramTypeID) values (79, 'ultricies eu', 97.01, 2, 0, 1, 1, 1, '/turpis/donec/posuere/metus/vitae/ipsum.jsp', 3);
insert into Program (ProgramID, ProgramName, TotalCredits, ProgramLength, Active, WorkOutdoors, ShiftWork, WorkTravel, ProgramLink, ProgramTypeID) values (80, 'nulla', 133.27, 6, 0, 0, 0, 1, '/montes/nascetur/ridiculus/mus.xml', 18);
insert into Program (ProgramID, ProgramName, TotalCredits, ProgramLength, Active, WorkOutdoors, ShiftWork, WorkTravel, ProgramLink, ProgramTypeID) values (81, 'in magna', 112.74, 5, 1, 0, 0, 0, '/posuere/cubilia/curae/nulla/dapibus.xml', 18);
insert into Program (ProgramID, ProgramName, TotalCredits, ProgramLength, Active, WorkOutdoors, ShiftWork, WorkTravel, ProgramLink, ProgramTypeID) values (82, 'adipiscing', 144.37, 2, 1, 1, 1, 1, '/quis.jsp', 12);
insert into Program (ProgramID, ProgramName, TotalCredits, ProgramLength, Active, WorkOutdoors, ShiftWork, WorkTravel, ProgramLink, ProgramTypeID) values (83, 'potenti cras', 78.42, 6, 1, 1, 0, 0, '/cum/sociis/natoque/penatibus/et/magnis/dis.html', 10);
insert into Program (ProgramID, ProgramName, TotalCredits, ProgramLength, Active, WorkOutdoors, ShiftWork, WorkTravel, ProgramLink, ProgramTypeID) values (84, 'tortor', 131.41, 3, 1, 0, 0, 0, '/ultrices/posuere/cubilia/curae/duis/faucibus.js', 7);
insert into Program (ProgramID, ProgramName, TotalCredits, ProgramLength, Active, WorkOutdoors, ShiftWork, WorkTravel, ProgramLink, ProgramTypeID) values (85, 'tortor id nulla', 133.01, 1, 1, 0, 0, 0, '/blandit/nam/nulla/integer/pede.png', 17);
insert into Program (ProgramID, ProgramName, TotalCredits, ProgramLength, Active, WorkOutdoors, ShiftWork, WorkTravel, ProgramLink, ProgramTypeID) values (86, 'ac consequat metus', 139.69, 4, 0, 0, 0, 0, '/platea/dictumst/aliquam/augue/quam/sollicitudin.jsp', 11);
insert into Program (ProgramID, ProgramName, TotalCredits, ProgramLength, Active, WorkOutdoors, ShiftWork, WorkTravel, ProgramLink, ProgramTypeID) values (87, 'porttitor', 101.07, 3, 0, 0, 1, 0, '/urna/pretium/nisl.jpg', 18);
insert into Program (ProgramID, ProgramName, TotalCredits, ProgramLength, Active, WorkOutdoors, ShiftWork, WorkTravel, ProgramLink, ProgramTypeID) values (88, 'convallis eget eleifend', 77.93, 4, 0, 1, 1, 1, '/cras/in/purus.png', 7);
insert into Program (ProgramID, ProgramName, TotalCredits, ProgramLength, Active, WorkOutdoors, ShiftWork, WorkTravel, ProgramLink, ProgramTypeID) values (89, 'cubilia curae', 143.52, 1, 0, 0, 1, 0, '/suspendisse/accumsan.png', 18);
insert into Program (ProgramID, ProgramName, TotalCredits, ProgramLength, Active, WorkOutdoors, ShiftWork, WorkTravel, ProgramLink, ProgramTypeID) values (90, 'tempus vivamus', 73.18, 4, 0, 0, 1, 0, '/nibh/ligula/nec.json', 1);
insert into Program (ProgramID, ProgramName, TotalCredits, ProgramLength, Active, WorkOutdoors, ShiftWork, WorkTravel, ProgramLink, ProgramTypeID) values (91, 'accumsan tellus nisi', 84.26, 3, 1, 1, 1, 0, '/ante/ipsum/primis/in/faucibus/orci.js', 11);
insert into Program (ProgramID, ProgramName, TotalCredits, ProgramLength, Active, WorkOutdoors, ShiftWork, WorkTravel, ProgramLink, ProgramTypeID) values (92, 'penatibus', 81.9, 4, 1, 1, 1, 1, '/non.jpg', 6);
insert into Program (ProgramID, ProgramName, TotalCredits, ProgramLength, Active, WorkOutdoors, ShiftWork, WorkTravel, ProgramLink, ProgramTypeID) values (93, 'mi pede malesuada', 122.96, 5, 1, 0, 0, 1, '/natoque/penatibus/et/magnis/dis.aspx', 12);
insert into Program (ProgramID, ProgramName, TotalCredits, ProgramLength, Active, WorkOutdoors, ShiftWork, WorkTravel, ProgramLink, ProgramTypeID) values (94, 'et ultrices posuere', 134.16, 3, 0, 0, 0, 0, '/erat/nulla.html', 7);
insert into Program (ProgramID, ProgramName, TotalCredits, ProgramLength, Active, WorkOutdoors, ShiftWork, WorkTravel, ProgramLink, ProgramTypeID) values (95, 'amet justo morbi', 68.56, 6, 1, 0, 0, 1, '/ipsum/ac/tellus/semper/interdum/mauris/ullamcorper.aspx', 16);
insert into Program (ProgramID, ProgramName, TotalCredits, ProgramLength, Active, WorkOutdoors, ShiftWork, WorkTravel, ProgramLink, ProgramTypeID) values (96, 'sit', 105.52, 5, 1, 1, 0, 0, '/proin/leo/odio/porttitor/id/consequat/in.aspx', 6);
insert into Program (ProgramID, ProgramName, TotalCredits, ProgramLength, Active, WorkOutdoors, ShiftWork, WorkTravel, ProgramLink, ProgramTypeID) values (97, 'nec dui', 124.96, 2, 0, 0, 0, 1, '/urna/pretium/nisl.jpg', 11);
insert into Program (ProgramID, ProgramName, TotalCredits, ProgramLength, Active, WorkOutdoors, ShiftWork, WorkTravel, ProgramLink, ProgramTypeID) values (98, 'faucibus', 91.3, 5, 0, 1, 0, 0, '/ornare.aspx', 17);
insert into Program (ProgramID, ProgramName, TotalCredits, ProgramLength, Active, WorkOutdoors, ShiftWork, WorkTravel, ProgramLink, ProgramTypeID) values (99, 'justo eu massa', 134.91, 5, 1, 1, 0, 0, '/pellentesque/eget/nunc.html', 1);
insert into Program (ProgramID, ProgramName, TotalCredits, ProgramLength, Active, WorkOutdoors, ShiftWork, WorkTravel, ProgramLink, ProgramTypeID) values (100, 'pellentesque eget', 70.92, 5, 0, 1, 0, 0, '/odio.js', 15);



insert into SubjectRequirement (SubjectRequirementID, ProgramID, SubjectDescription) values (1, 56.23, 'eget tincidunt eget');
insert into SubjectRequirement (SubjectRequirementID, ProgramID, SubjectDescription) values (2, 25.58, 'nullam sit amet');
insert into SubjectRequirement (SubjectRequirementID, ProgramID, SubjectDescription) values (3, 71.88, 'potenti');
insert into SubjectRequirement (SubjectRequirementID, ProgramID, SubjectDescription) values (4, 12.82, 'nulla tellus in');
insert into SubjectRequirement (SubjectRequirementID, ProgramID, SubjectDescription) values (5, 36.26, 'eget eros');
insert into SubjectRequirement (SubjectRequirementID, ProgramID, SubjectDescription) values (6, 36.75, 'nam');
insert into SubjectRequirement (SubjectRequirementID, ProgramID, SubjectDescription) values (7, 93.01, 'pede posuere');
insert into SubjectRequirement (SubjectRequirementID, ProgramID, SubjectDescription) values (8, 53.29, 'dolor vel est');
insert into SubjectRequirement (SubjectRequirementID, ProgramID, SubjectDescription) values (9, 43.95, 'justo');
insert into SubjectRequirement (SubjectRequirementID, ProgramID, SubjectDescription) values (10, 8.16, 'eget elit sodales');
insert into SubjectRequirement (SubjectRequirementID, ProgramID, SubjectDescription) values (11, 65.94, 'cursus');
insert into SubjectRequirement (SubjectRequirementID, ProgramID, SubjectDescription) values (12, 18.21, 'proin at turpis');
insert into SubjectRequirement (SubjectRequirementID, ProgramID, SubjectDescription) values (13, 77.21, 'amet justo');
insert into SubjectRequirement (SubjectRequirementID, ProgramID, SubjectDescription) values (14, 18.59, 'convallis nunc proin');
insert into SubjectRequirement (SubjectRequirementID, ProgramID, SubjectDescription) values (15, 53.77, 'diam vitae');
insert into SubjectRequirement (SubjectRequirementID, ProgramID, SubjectDescription) values (16, 13.55, 'imperdiet nullam orci');
insert into SubjectRequirement (SubjectRequirementID, ProgramID, SubjectDescription) values (17, 44.94, 'eget tempus vel');
insert into SubjectRequirement (SubjectRequirementID, ProgramID, SubjectDescription) values (18, 84.09, 'sed tristique in');
insert into SubjectRequirement (SubjectRequirementID, ProgramID, SubjectDescription) values (19, 2.8, 'consequat metus');
insert into SubjectRequirement (SubjectRequirementID, ProgramID, SubjectDescription) values (20, 90.93, 'nullam porttitor');
insert into SubjectRequirement (SubjectRequirementID, ProgramID, SubjectDescription) values (21, 24.97, 'blandit non interdum');
insert into SubjectRequirement (SubjectRequirementID, ProgramID, SubjectDescription) values (22, 15.5, 'libero');
insert into SubjectRequirement (SubjectRequirementID, ProgramID, SubjectDescription) values (23, 91.04, 'id');
insert into SubjectRequirement (SubjectRequirementID, ProgramID, SubjectDescription) values (24, 68.21, 'porttitor lorem');
insert into SubjectRequirement (SubjectRequirementID, ProgramID, SubjectDescription) values (25, 57.61, 'ultricies eu');
insert into SubjectRequirement (SubjectRequirementID, ProgramID, SubjectDescription) values (26, 4.4, 'in consequat');
insert into SubjectRequirement (SubjectRequirementID, ProgramID, SubjectDescription) values (27, 10.85, 'magna');
insert into SubjectRequirement (SubjectRequirementID, ProgramID, SubjectDescription) values (28, 1.82, 'aenean');
insert into SubjectRequirement (SubjectRequirementID, ProgramID, SubjectDescription) values (29, 94.07, 'nulla');
insert into SubjectRequirement (SubjectRequirementID, ProgramID, SubjectDescription) values (30, 71.58, 'pede');
insert into SubjectRequirement (SubjectRequirementID, ProgramID, SubjectDescription) values (31, 8.81, 'nunc');
insert into SubjectRequirement (SubjectRequirementID, ProgramID, SubjectDescription) values (32, 67.02, 'est');
insert into SubjectRequirement (SubjectRequirementID, ProgramID, SubjectDescription) values (33, 97.12, 'aliquet');
insert into SubjectRequirement (SubjectRequirementID, ProgramID, SubjectDescription) values (34, 50.75, 'ut suscipit a');
insert into SubjectRequirement (SubjectRequirementID, ProgramID, SubjectDescription) values (35, 18.59, 'augue');
insert into SubjectRequirement (SubjectRequirementID, ProgramID, SubjectDescription) values (36, 51.14, 'vivamus vestibulum sagittis');
insert into SubjectRequirement (SubjectRequirementID, ProgramID, SubjectDescription) values (37, 66.14, 'porttitor pede');
insert into SubjectRequirement (SubjectRequirementID, ProgramID, SubjectDescription) values (38, 3.11, 'lacus');
insert into SubjectRequirement (SubjectRequirementID, ProgramID, SubjectDescription) values (39, 20.15, 'justo sollicitudin');
insert into SubjectRequirement (SubjectRequirementID, ProgramID, SubjectDescription) values (40, 94.67, 'cubilia curae donec');
insert into SubjectRequirement (SubjectRequirementID, ProgramID, SubjectDescription) values (41, 79.79, 'aliquam');
insert into SubjectRequirement (SubjectRequirementID, ProgramID, SubjectDescription) values (42, 11.68, 'vestibulum ante');
insert into SubjectRequirement (SubjectRequirementID, ProgramID, SubjectDescription) values (43, 27.99, 'elementum in');
insert into SubjectRequirement (SubjectRequirementID, ProgramID, SubjectDescription) values (44, 41.56, 'dapibus');
insert into SubjectRequirement (SubjectRequirementID, ProgramID, SubjectDescription) values (45, 45.11, 'non quam');
insert into SubjectRequirement (SubjectRequirementID, ProgramID, SubjectDescription) values (46, 68.77, 'amet sem fusce');
insert into SubjectRequirement (SubjectRequirementID, ProgramID, SubjectDescription) values (47, 77.94, 'urna');
insert into SubjectRequirement (SubjectRequirementID, ProgramID, SubjectDescription) values (48, 21.0, 'sapien non mi');
insert into SubjectRequirement (SubjectRequirementID, ProgramID, SubjectDescription) values (49, 59.97, 'lacus purus aliquet');
insert into SubjectRequirement (SubjectRequirementID, ProgramID, SubjectDescription) values (50, 28.74, 'ipsum dolor sit');
insert into SubjectRequirement (SubjectRequirementID, ProgramID, SubjectDescription) values (51, 21.88, 'erat');
insert into SubjectRequirement (SubjectRequirementID, ProgramID, SubjectDescription) values (52, 71.51, 'leo');
insert into SubjectRequirement (SubjectRequirementID, ProgramID, SubjectDescription) values (53, 15.04, 'in felis donec');
insert into SubjectRequirement (SubjectRequirementID, ProgramID, SubjectDescription) values (54, 82.3, 'ultrices');
insert into SubjectRequirement (SubjectRequirementID, ProgramID, SubjectDescription) values (55, 12.85, 'at');
insert into SubjectRequirement (SubjectRequirementID, ProgramID, SubjectDescription) values (56, 46.73, 'metus arcu');
insert into SubjectRequirement (SubjectRequirementID, ProgramID, SubjectDescription) values (57, 83.05, 'amet nulla quisque');
insert into SubjectRequirement (SubjectRequirementID, ProgramID, SubjectDescription) values (58, 79.66, 'eget elit sodales');
insert into SubjectRequirement (SubjectRequirementID, ProgramID, SubjectDescription) values (59, 39.37, 'sagittis nam congue');
insert into SubjectRequirement (SubjectRequirementID, ProgramID, SubjectDescription) values (60, 8.98, 'proin');
insert into SubjectRequirement (SubjectRequirementID, ProgramID, SubjectDescription) values (61, 85.64, 'tempor turpis nec');
insert into SubjectRequirement (SubjectRequirementID, ProgramID, SubjectDescription) values (62, 83.55, 'suspendisse ornare');
insert into SubjectRequirement (SubjectRequirementID, ProgramID, SubjectDescription) values (63, 51.83, 'ipsum primis');
insert into SubjectRequirement (SubjectRequirementID, ProgramID, SubjectDescription) values (64, 22.43, 'dolor');
insert into SubjectRequirement (SubjectRequirementID, ProgramID, SubjectDescription) values (65, 55.15, 'congue eget');
insert into SubjectRequirement (SubjectRequirementID, ProgramID, SubjectDescription) values (66, 78.02, 'sapien arcu');
insert into SubjectRequirement (SubjectRequirementID, ProgramID, SubjectDescription) values (67, 33.88, 'in sagittis');
insert into SubjectRequirement (SubjectRequirementID, ProgramID, SubjectDescription) values (68, 45.83, 'vestibulum ante');
insert into SubjectRequirement (SubjectRequirementID, ProgramID, SubjectDescription) values (69, 79.43, 'non');
insert into SubjectRequirement (SubjectRequirementID, ProgramID, SubjectDescription) values (70, 50.38, 'congue');
insert into SubjectRequirement (SubjectRequirementID, ProgramID, SubjectDescription) values (71, 12.75, 'ut erat curabitur');
insert into SubjectRequirement (SubjectRequirementID, ProgramID, SubjectDescription) values (72, 43.21, 'vivamus tortor duis');
insert into SubjectRequirement (SubjectRequirementID, ProgramID, SubjectDescription) values (73, 76.54, 'at nulla');
insert into SubjectRequirement (SubjectRequirementID, ProgramID, SubjectDescription) values (74, 88.82, 'habitasse platea');
insert into SubjectRequirement (SubjectRequirementID, ProgramID, SubjectDescription) values (75, 84.36, 'nisl aenean lectus');
insert into SubjectRequirement (SubjectRequirementID, ProgramID, SubjectDescription) values (76, 26.85, 'eu');
insert into SubjectRequirement (SubjectRequirementID, ProgramID, SubjectDescription) values (77, 59.01, 'velit id');
insert into SubjectRequirement (SubjectRequirementID, ProgramID, SubjectDescription) values (78, 59.8, 'amet sapien dignissim');
insert into SubjectRequirement (SubjectRequirementID, ProgramID, SubjectDescription) values (79, 13.13, 'quis tortor');
insert into SubjectRequirement (SubjectRequirementID, ProgramID, SubjectDescription) values (80, 58.09, 'ligula in');
insert into SubjectRequirement (SubjectRequirementID, ProgramID, SubjectDescription) values (81, 60.76, 'velit donec diam');
insert into SubjectRequirement (SubjectRequirementID, ProgramID, SubjectDescription) values (82, 97.55, 'quis');
insert into SubjectRequirement (SubjectRequirementID, ProgramID, SubjectDescription) values (83, 5.38, 'vitae');
insert into SubjectRequirement (SubjectRequirementID, ProgramID, SubjectDescription) values (84, 22.02, 'libero');
insert into SubjectRequirement (SubjectRequirementID, ProgramID, SubjectDescription) values (85, 23.17, 'donec diam neque');
insert into SubjectRequirement (SubjectRequirementID, ProgramID, SubjectDescription) values (86, 95.31, 'donec');
insert into SubjectRequirement (SubjectRequirementID, ProgramID, SubjectDescription) values (87, 85.14, 'nonummy maecenas tincidunt');
insert into SubjectRequirement (SubjectRequirementID, ProgramID, SubjectDescription) values (88, 69.3, 'in');
insert into SubjectRequirement (SubjectRequirementID, ProgramID, SubjectDescription) values (89, 5.42, 'lacinia');
insert into SubjectRequirement (SubjectRequirementID, ProgramID, SubjectDescription) values (90, 11.46, 'nec sem');
insert into SubjectRequirement (SubjectRequirementID, ProgramID, SubjectDescription) values (91, 66.03, 'dolor sit');
insert into SubjectRequirement (SubjectRequirementID, ProgramID, SubjectDescription) values (92, 64.71, 'accumsan tellus nisi');
insert into SubjectRequirement (SubjectRequirementID, ProgramID, SubjectDescription) values (93, 16.1, 'non');
insert into SubjectRequirement (SubjectRequirementID, ProgramID, SubjectDescription) values (94, 19.53, 'consequat morbi a');
insert into SubjectRequirement (SubjectRequirementID, ProgramID, SubjectDescription) values (95, 59.64, 'volutpat');
insert into SubjectRequirement (SubjectRequirementID, ProgramID, SubjectDescription) values (96, 7.7, 'nibh');
insert into SubjectRequirement (SubjectRequirementID, ProgramID, SubjectDescription) values (97, 32.08, 'id sapien');
insert into SubjectRequirement (SubjectRequirementID, ProgramID, SubjectDescription) values (98, 12.61, 'elit ac nulla');
insert into SubjectRequirement (SubjectRequirementID, ProgramID, SubjectDescription) values (99, 61.02, 'iaculis diam');
insert into SubjectRequirement (SubjectRequirementID, ProgramID, SubjectDescription) values (100, 13.86, 'sapien');
insert into SubjectRequirement (SubjectRequirementID, ProgramID, SubjectDescription) values (101, 80.58, 'id');
insert into SubjectRequirement (SubjectRequirementID, ProgramID, SubjectDescription) values (102, 26.03, 'nibh fusce');
insert into SubjectRequirement (SubjectRequirementID, ProgramID, SubjectDescription) values (103, 1.29, 'turpis a pede');
insert into SubjectRequirement (SubjectRequirementID, ProgramID, SubjectDescription) values (104, 17.75, 'varius integer ac');
insert into SubjectRequirement (SubjectRequirementID, ProgramID, SubjectDescription) values (105, 47.43, 'elementum nullam');
insert into SubjectRequirement (SubjectRequirementID, ProgramID, SubjectDescription) values (106, 63.66, 'integer');
insert into SubjectRequirement (SubjectRequirementID, ProgramID, SubjectDescription) values (107, 85.66, 'duis ac nibh');
insert into SubjectRequirement (SubjectRequirementID, ProgramID, SubjectDescription) values (108, 46.19, 'quam');
insert into SubjectRequirement (SubjectRequirementID, ProgramID, SubjectDescription) values (109, 63.31, 'vestibulum ante');
insert into SubjectRequirement (SubjectRequirementID, ProgramID, SubjectDescription) values (110, 34.34, 'massa quis');
insert into SubjectRequirement (SubjectRequirementID, ProgramID, SubjectDescription) values (111, 96.11, 'magnis dis');
insert into SubjectRequirement (SubjectRequirementID, ProgramID, SubjectDescription) values (112, 48.25, 'rhoncus');
insert into SubjectRequirement (SubjectRequirementID, ProgramID, SubjectDescription) values (113, 56.84, 'est quam');
insert into SubjectRequirement (SubjectRequirementID, ProgramID, SubjectDescription) values (114, 81.42, 'at');
insert into SubjectRequirement (SubjectRequirementID, ProgramID, SubjectDescription) values (115, 87.08, 'mauris eget massa');
insert into SubjectRequirement (SubjectRequirementID, ProgramID, SubjectDescription) values (116, 90.95, 'viverra pede');
insert into SubjectRequirement (SubjectRequirementID, ProgramID, SubjectDescription) values (117, 41.02, 'posuere nonummy integer');
insert into SubjectRequirement (SubjectRequirementID, ProgramID, SubjectDescription) values (118, 6.65, 'quis orci nullam');
insert into SubjectRequirement (SubjectRequirementID, ProgramID, SubjectDescription) values (119, 71.19, 'nibh quisque');
insert into SubjectRequirement (SubjectRequirementID, ProgramID, SubjectDescription) values (120, 66.32, 'dolor');
insert into SubjectRequirement (SubjectRequirementID, ProgramID, SubjectDescription) values (121, 65.49, 'neque libero convallis');
insert into SubjectRequirement (SubjectRequirementID, ProgramID, SubjectDescription) values (122, 93.56, 'natoque penatibus');
insert into SubjectRequirement (SubjectRequirementID, ProgramID, SubjectDescription) values (123, 44.73, 'sem');
insert into SubjectRequirement (SubjectRequirementID, ProgramID, SubjectDescription) values (124, 78.38, 'justo lacinia');
insert into SubjectRequirement (SubjectRequirementID, ProgramID, SubjectDescription) values (125, 3.89, 'turpis donec');
insert into SubjectRequirement (SubjectRequirementID, ProgramID, SubjectDescription) values (126, 95.27, 'sed augue aliquam');
insert into SubjectRequirement (SubjectRequirementID, ProgramID, SubjectDescription) values (127, 12.73, 'lacinia erat vestibulum');
insert into SubjectRequirement (SubjectRequirementID, ProgramID, SubjectDescription) values (128, 39.9, 'convallis tortor');
insert into SubjectRequirement (SubjectRequirementID, ProgramID, SubjectDescription) values (129, 96.24, 'a pede posuere');
insert into SubjectRequirement (SubjectRequirementID, ProgramID, SubjectDescription) values (130, 53.33, 'eget nunc donec');
insert into SubjectRequirement (SubjectRequirementID, ProgramID, SubjectDescription) values (131, 73.93, 'lorem');
insert into SubjectRequirement (SubjectRequirementID, ProgramID, SubjectDescription) values (132, 73.2, 'in sapien iaculis');
insert into SubjectRequirement (SubjectRequirementID, ProgramID, SubjectDescription) values (133, 33.27, 'curae donec pharetra');
insert into SubjectRequirement (SubjectRequirementID, ProgramID, SubjectDescription) values (134, 59.58, 'sapien varius ut');
insert into SubjectRequirement (SubjectRequirementID, ProgramID, SubjectDescription) values (135, 95.99, 'velit');
insert into SubjectRequirement (SubjectRequirementID, ProgramID, SubjectDescription) values (136, 27.87, 'lacus');
insert into SubjectRequirement (SubjectRequirementID, ProgramID, SubjectDescription) values (137, 29.89, 'elit');
insert into SubjectRequirement (SubjectRequirementID, ProgramID, SubjectDescription) values (138, 96.66, 'at nunc commodo');
insert into SubjectRequirement (SubjectRequirementID, ProgramID, SubjectDescription) values (139, 25.05, 'lacus purus aliquet');
insert into SubjectRequirement (SubjectRequirementID, ProgramID, SubjectDescription) values (140, 85.78, 'in purus eu');
insert into SubjectRequirement (SubjectRequirementID, ProgramID, SubjectDescription) values (141, 77.53, 'eu');
insert into SubjectRequirement (SubjectRequirementID, ProgramID, SubjectDescription) values (142, 32.29, 'eu massa');
insert into SubjectRequirement (SubjectRequirementID, ProgramID, SubjectDescription) values (143, 30.41, 'habitasse');
insert into SubjectRequirement (SubjectRequirementID, ProgramID, SubjectDescription) values (144, 80.36, 'ac consequat metus');
insert into SubjectRequirement (SubjectRequirementID, ProgramID, SubjectDescription) values (145, 77.16, 'duis bibendum');
insert into SubjectRequirement (SubjectRequirementID, ProgramID, SubjectDescription) values (146, 2.11, 'curabitur convallis duis');
insert into SubjectRequirement (SubjectRequirementID, ProgramID, SubjectDescription) values (147, 72.08, 'donec pharetra');
insert into SubjectRequirement (SubjectRequirementID, ProgramID, SubjectDescription) values (148, 4.45, 'mauris eget massa');
insert into SubjectRequirement (SubjectRequirementID, ProgramID, SubjectDescription) values (149, 52.79, 'in hac habitasse');
insert into SubjectRequirement (SubjectRequirementID, ProgramID, SubjectDescription) values (150, 33.62, 'tempus vivamus in');
insert into SubjectRequirement (SubjectRequirementID, ProgramID, SubjectDescription) values (151, 26.06, 'cras mi pede');
insert into SubjectRequirement (SubjectRequirementID, ProgramID, SubjectDescription) values (152, 91.83, 'varius nulla facilisi');
insert into SubjectRequirement (SubjectRequirementID, ProgramID, SubjectDescription) values (153, 15.3, 'nulla');
insert into SubjectRequirement (SubjectRequirementID, ProgramID, SubjectDescription) values (154, 77.41, 'luctus cum sociis');
insert into SubjectRequirement (SubjectRequirementID, ProgramID, SubjectDescription) values (155, 77.28, 'nisl ut');
insert into SubjectRequirement (SubjectRequirementID, ProgramID, SubjectDescription) values (156, 12.37, 'quis turpis');
insert into SubjectRequirement (SubjectRequirementID, ProgramID, SubjectDescription) values (157, 28.7, 'consectetuer');
insert into SubjectRequirement (SubjectRequirementID, ProgramID, SubjectDescription) values (158, 55.96, 'erat tortor sollicitudin');
insert into SubjectRequirement (SubjectRequirementID, ProgramID, SubjectDescription) values (159, 89.44, 'primis in');
insert into SubjectRequirement (SubjectRequirementID, ProgramID, SubjectDescription) values (160, 54.54, 'congue risus');
insert into SubjectRequirement (SubjectRequirementID, ProgramID, SubjectDescription) values (161, 34.22, 'non');
insert into SubjectRequirement (SubjectRequirementID, ProgramID, SubjectDescription) values (162, 30.67, 'lorem');
insert into SubjectRequirement (SubjectRequirementID, ProgramID, SubjectDescription) values (163, 88.44, 'sed nisl nunc');
insert into SubjectRequirement (SubjectRequirementID, ProgramID, SubjectDescription) values (164, 16.71, 'elementum ligula vehicula');
insert into SubjectRequirement (SubjectRequirementID, ProgramID, SubjectDescription) values (165, 68.26, 'in est');
insert into SubjectRequirement (SubjectRequirementID, ProgramID, SubjectDescription) values (166, 11.98, 'parturient montes');
insert into SubjectRequirement (SubjectRequirementID, ProgramID, SubjectDescription) values (167, 43.09, 'nisl');
insert into SubjectRequirement (SubjectRequirementID, ProgramID, SubjectDescription) values (168, 69.24, 'dui');
insert into SubjectRequirement (SubjectRequirementID, ProgramID, SubjectDescription) values (169, 94.12, 'adipiscing elit');
insert into SubjectRequirement (SubjectRequirementID, ProgramID, SubjectDescription) values (170, 61.42, 'lectus');
insert into SubjectRequirement (SubjectRequirementID, ProgramID, SubjectDescription) values (171, 29.34, 'congue risus semper');
insert into SubjectRequirement (SubjectRequirementID, ProgramID, SubjectDescription) values (172, 33.64, 'nibh in');
insert into SubjectRequirement (SubjectRequirementID, ProgramID, SubjectDescription) values (173, 11.21, 'in');
insert into SubjectRequirement (SubjectRequirementID, ProgramID, SubjectDescription) values (174, 37.99, 'lorem');
insert into SubjectRequirement (SubjectRequirementID, ProgramID, SubjectDescription) values (175, 81.63, 'semper rutrum nulla');
insert into SubjectRequirement (SubjectRequirementID, ProgramID, SubjectDescription) values (176, 77.38, 'erat');
insert into SubjectRequirement (SubjectRequirementID, ProgramID, SubjectDescription) values (177, 27.7, 'non sodales sed');
insert into SubjectRequirement (SubjectRequirementID, ProgramID, SubjectDescription) values (178, 60.83, 'vestibulum ante');
insert into SubjectRequirement (SubjectRequirementID, ProgramID, SubjectDescription) values (179, 39.88, 'massa quis augue');
insert into SubjectRequirement (SubjectRequirementID, ProgramID, SubjectDescription) values (180, 68.55, 'nulla sed');
insert into SubjectRequirement (SubjectRequirementID, ProgramID, SubjectDescription) values (181, 35.39, 'bibendum morbi non');
insert into SubjectRequirement (SubjectRequirementID, ProgramID, SubjectDescription) values (182, 29.32, 'sed lacus morbi');
insert into SubjectRequirement (SubjectRequirementID, ProgramID, SubjectDescription) values (183, 96.34, 'mauris');
insert into SubjectRequirement (SubjectRequirementID, ProgramID, SubjectDescription) values (184, 69.19, 'neque sapien placerat');
insert into SubjectRequirement (SubjectRequirementID, ProgramID, SubjectDescription) values (185, 9.13, 'at turpis donec');
insert into SubjectRequirement (SubjectRequirementID, ProgramID, SubjectDescription) values (186, 34.9, 'lacus');
insert into SubjectRequirement (SubjectRequirementID, ProgramID, SubjectDescription) values (187, 77.09, 'elit');
insert into SubjectRequirement (SubjectRequirementID, ProgramID, SubjectDescription) values (188, 45.6, 'quam sollicitudin');
insert into SubjectRequirement (SubjectRequirementID, ProgramID, SubjectDescription) values (189, 13.24, 'hac habitasse platea');
insert into SubjectRequirement (SubjectRequirementID, ProgramID, SubjectDescription) values (190, 57.55, 'vitae nisi nam');
insert into SubjectRequirement (SubjectRequirementID, ProgramID, SubjectDescription) values (191, 82.19, 'sit');
insert into SubjectRequirement (SubjectRequirementID, ProgramID, SubjectDescription) values (192, 74.73, 'velit id');
insert into SubjectRequirement (SubjectRequirementID, ProgramID, SubjectDescription) values (193, 68.71, 'turpis integer');
insert into SubjectRequirement (SubjectRequirementID, ProgramID, SubjectDescription) values (194, 14.06, 'at');
insert into SubjectRequirement (SubjectRequirementID, ProgramID, SubjectDescription) values (195, 29.88, 'id massa id');
insert into SubjectRequirement (SubjectRequirementID, ProgramID, SubjectDescription) values (196, 29.89, 'elementum');
insert into SubjectRequirement (SubjectRequirementID, ProgramID, SubjectDescription) values (197, 82.86, 'viverra eget');
insert into SubjectRequirement (SubjectRequirementID, ProgramID, SubjectDescription) values (198, 41.61, 'sapien');
insert into SubjectRequirement (SubjectRequirementID, ProgramID, SubjectDescription) values (199, 67.67, 'nullam orci pede');
insert into SubjectRequirement (SubjectRequirementID, ProgramID, SubjectDescription) values (200, 11.08, 'felis eu');





insert into NaitCourses (CourseID, CourseName, CourseCredits, Active) values (1, 'in leo', 2.6, 0);
insert into NaitCourses (CourseID, CourseName, CourseCredits, Active) values (2, 'justo', 2.3, 1);
insert into NaitCourses (CourseID, CourseName, CourseCredits, Active) values (3, 'ac tellus semper', 1.1, 1);
insert into NaitCourses (CourseID, CourseName, CourseCredits, Active) values (4, 'molestie nibh in', 7.9, 1);
insert into NaitCourses (CourseID, CourseName, CourseCredits, Active) values (5, 'posuere', 7.0, 0);
insert into NaitCourses (CourseID, CourseName, CourseCredits, Active) values (6, 'convallis nunc proin', 4.3, 0);
insert into NaitCourses (CourseID, CourseName, CourseCredits, Active) values (7, 'velit', 5.5, 0);
insert into NaitCourses (CourseID, CourseName, CourseCredits, Active) values (8, 'sit amet cursus', 8.9, 1);
insert into NaitCourses (CourseID, CourseName, CourseCredits, Active) values (9, 'massa', 8.3, 0);
insert into NaitCourses (CourseID, CourseName, CourseCredits, Active) values (10, 'tempus sit amet', 5.1, 1);
insert into NaitCourses (CourseID, CourseName, CourseCredits, Active) values (11, 'ultrices', 9.3, 0);
insert into NaitCourses (CourseID, CourseName, CourseCredits, Active) values (12, 'blandit lacinia', 1.6, 0);
insert into NaitCourses (CourseID, CourseName, CourseCredits, Active) values (13, 'tristique', 1.6, 1);
insert into NaitCourses (CourseID, CourseName, CourseCredits, Active) values (14, 'enim', 2.5, 0);
insert into NaitCourses (CourseID, CourseName, CourseCredits, Active) values (15, 'quam sollicitudin vitae', 6.1, 1);
insert into NaitCourses (CourseID, CourseName, CourseCredits, Active) values (16, 'iaculis', 6.9, 0);
insert into NaitCourses (CourseID, CourseName, CourseCredits, Active) values (17, 'ipsum ac tellus', 4.9, 0);
insert into NaitCourses (CourseID, CourseName, CourseCredits, Active) values (18, 'mus', 4.0, 0);
insert into NaitCourses (CourseID, CourseName, CourseCredits, Active) values (19, 'iaculis justo in', 6.7, 1);
insert into NaitCourses (CourseID, CourseName, CourseCredits, Active) values (20, 'sollicitudin vitae', 6.1, 1);
insert into NaitCourses (CourseID, CourseName, CourseCredits, Active) values (21, 'vehicula condimentum curabitur', 3.3, 0);
insert into NaitCourses (CourseID, CourseName, CourseCredits, Active) values (22, 'turpis elementum ligula', 4.5, 0);
insert into NaitCourses (CourseID, CourseName, CourseCredits, Active) values (23, 'odio', 8.8, 0);
insert into NaitCourses (CourseID, CourseName, CourseCredits, Active) values (24, 'nunc', 5.8, 1);
insert into NaitCourses (CourseID, CourseName, CourseCredits, Active) values (25, 'posuere', 1.2, 0);
insert into NaitCourses (CourseID, CourseName, CourseCredits, Active) values (26, 'dictumst', 7.2, 1);
insert into NaitCourses (CourseID, CourseName, CourseCredits, Active) values (27, 'dis', 6.2, 1);
insert into NaitCourses (CourseID, CourseName, CourseCredits, Active) values (28, 'quis turpis', 1.8, 0);
insert into NaitCourses (CourseID, CourseName, CourseCredits, Active) values (29, 'tincidunt ante vel', 8.8, 1);
insert into NaitCourses (CourseID, CourseName, CourseCredits, Active) values (30, 'dui', 1.5, 0);
insert into NaitCourses (CourseID, CourseName, CourseCredits, Active) values (31, 'erat curabitur gravida', 7.6, 0);
insert into NaitCourses (CourseID, CourseName, CourseCredits, Active) values (32, 'tortor eu pede', 4.5, 0);
insert into NaitCourses (CourseID, CourseName, CourseCredits, Active) values (33, 'donec diam neque', 2.9, 1);
insert into NaitCourses (CourseID, CourseName, CourseCredits, Active) values (34, 'et', 9.5, 0);
insert into NaitCourses (CourseID, CourseName, CourseCredits, Active) values (35, 'purus', 1.8, 1);
insert into NaitCourses (CourseID, CourseName, CourseCredits, Active) values (36, 'habitasse platea dictumst', 7.8, 1);
insert into NaitCourses (CourseID, CourseName, CourseCredits, Active) values (37, 'nec', 3.7, 1);
insert into NaitCourses (CourseID, CourseName, CourseCredits, Active) values (38, 'quis tortor id', 1.4, 1);
insert into NaitCourses (CourseID, CourseName, CourseCredits, Active) values (39, 'a', 9.0, 0);
insert into NaitCourses (CourseID, CourseName, CourseCredits, Active) values (40, 'ipsum', 7.9, 1);
insert into NaitCourses (CourseID, CourseName, CourseCredits, Active) values (41, 'sed sagittis nam', 5.1, 1);
insert into NaitCourses (CourseID, CourseName, CourseCredits, Active) values (42, 'facilisi cras', 1.2, 1);
insert into NaitCourses (CourseID, CourseName, CourseCredits, Active) values (43, 'id ornare imperdiet', 3.7, 1);
insert into NaitCourses (CourseID, CourseName, CourseCredits, Active) values (44, 'orci eget orci', 6.7, 1);
insert into NaitCourses (CourseID, CourseName, CourseCredits, Active) values (45, 'pede ac diam', 2.2, 0);
insert into NaitCourses (CourseID, CourseName, CourseCredits, Active) values (46, 'ridiculus mus etiam', 1.5, 0);
insert into NaitCourses (CourseID, CourseName, CourseCredits, Active) values (47, 'sit amet cursus', 4.4, 0);
insert into NaitCourses (CourseID, CourseName, CourseCredits, Active) values (48, 'eu interdum eu', 7.0, 1);
insert into NaitCourses (CourseID, CourseName, CourseCredits, Active) values (49, 'faucibus orci', 3.8, 1);
insert into NaitCourses (CourseID, CourseName, CourseCredits, Active) values (50, 'in eleifend', 1.7, 0);
insert into NaitCourses (CourseID, CourseName, CourseCredits, Active) values (51, 'gravida', 5.0, 0);
insert into NaitCourses (CourseID, CourseName, CourseCredits, Active) values (52, 'ante ipsum primis', 4.8, 1);
insert into NaitCourses (CourseID, CourseName, CourseCredits, Active) values (53, 'suscipit ligula in', 5.3, 0);
insert into NaitCourses (CourseID, CourseName, CourseCredits, Active) values (54, 'diam cras pellentesque', 2.0, 1);
insert into NaitCourses (CourseID, CourseName, CourseCredits, Active) values (55, 'ut erat', 1.9, 1);
insert into NaitCourses (CourseID, CourseName, CourseCredits, Active) values (56, 'eu est', 3.3, 0);
insert into NaitCourses (CourseID, CourseName, CourseCredits, Active) values (57, 'etiam', 1.3, 0);
insert into NaitCourses (CourseID, CourseName, CourseCredits, Active) values (58, 'magnis', 6.6, 1);
insert into NaitCourses (CourseID, CourseName, CourseCredits, Active) values (59, 'accumsan odio curabitur', 3.7, 0);
insert into NaitCourses (CourseID, CourseName, CourseCredits, Active) values (60, 'consequat varius integer', 6.1, 1);
insert into NaitCourses (CourseID, CourseName, CourseCredits, Active) values (61, 'placerat ante', 2.7, 0);
insert into NaitCourses (CourseID, CourseName, CourseCredits, Active) values (62, 'in libero', 7.1, 1);
insert into NaitCourses (CourseID, CourseName, CourseCredits, Active) values (63, 'risus dapibus augue', 2.5, 1);
insert into NaitCourses (CourseID, CourseName, CourseCredits, Active) values (64, 'odio consequat', 7.3, 0);
insert into NaitCourses (CourseID, CourseName, CourseCredits, Active) values (65, 'suscipit', 9.9, 1);
insert into NaitCourses (CourseID, CourseName, CourseCredits, Active) values (66, 'in felis', 6.2, 1);
insert into NaitCourses (CourseID, CourseName, CourseCredits, Active) values (67, 'est donec', 5.3, 1);
insert into NaitCourses (CourseID, CourseName, CourseCredits, Active) values (68, 'vestibulum', 3.1, 1);
insert into NaitCourses (CourseID, CourseName, CourseCredits, Active) values (69, 'ultricies', 5.8, 1);
insert into NaitCourses (CourseID, CourseName, CourseCredits, Active) values (70, 'lectus in est', 1.5, 0);
insert into NaitCourses (CourseID, CourseName, CourseCredits, Active) values (71, 'est', 1.2, 1);
insert into NaitCourses (CourseID, CourseName, CourseCredits, Active) values (72, 'blandit lacinia erat', 1.2, 0);
insert into NaitCourses (CourseID, CourseName, CourseCredits, Active) values (73, 'vitae nisi', 7.9, 1);
insert into NaitCourses (CourseID, CourseName, CourseCredits, Active) values (74, 'pede', 9.8, 0);
insert into NaitCourses (CourseID, CourseName, CourseCredits, Active) values (75, 'commodo', 1.8, 0);
insert into NaitCourses (CourseID, CourseName, CourseCredits, Active) values (76, 'sapien arcu', 9.3, 0);
insert into NaitCourses (CourseID, CourseName, CourseCredits, Active) values (77, 'turpis enim', 2.7, 0);
insert into NaitCourses (CourseID, CourseName, CourseCredits, Active) values (78, 'lorem ipsum', 5.2, 1);
insert into NaitCourses (CourseID, CourseName, CourseCredits, Active) values (79, 'turpis enim blandit', 9.5, 0);
insert into NaitCourses (CourseID, CourseName, CourseCredits, Active) values (80, 'mauris enim', 9.7, 1);
insert into NaitCourses (CourseID, CourseName, CourseCredits, Active) values (81, 'et', 2.4, 1);
insert into NaitCourses (CourseID, CourseName, CourseCredits, Active) values (82, 'duis bibendum', 3.9, 0);
insert into NaitCourses (CourseID, CourseName, CourseCredits, Active) values (83, 'eu', 7.5, 0);
insert into NaitCourses (CourseID, CourseName, CourseCredits, Active) values (84, 'elit ac', 1.2, 1);
insert into NaitCourses (CourseID, CourseName, CourseCredits, Active) values (85, 'lacinia eget tincidunt', 3.5, 1);
insert into NaitCourses (CourseID, CourseName, CourseCredits, Active) values (86, 'nulla', 9.1, 1);
insert into NaitCourses (CourseID, CourseName, CourseCredits, Active) values (87, 'dolor sit', 1.4, 1);
insert into NaitCourses (CourseID, CourseName, CourseCredits, Active) values (88, 'eleifend luctus', 3.7, 1);
insert into NaitCourses (CourseID, CourseName, CourseCredits, Active) values (89, 'consequat varius', 6.5, 0);
insert into NaitCourses (CourseID, CourseName, CourseCredits, Active) values (90, 'commodo vulputate justo', 9.7, 0);
insert into NaitCourses (CourseID, CourseName, CourseCredits, Active) values (91, 'bibendum', 3.4, 1);
insert into NaitCourses (CourseID, CourseName, CourseCredits, Active) values (92, 'amet nunc viverra', 2.3, 0);
insert into NaitCourses (CourseID, CourseName, CourseCredits, Active) values (93, 'mauris vulputate elementum', 9.0, 1);
insert into NaitCourses (CourseID, CourseName, CourseCredits, Active) values (94, 'aliquam sit', 6.1, 1);
insert into NaitCourses (CourseID, CourseName, CourseCredits, Active) values (95, 'sagittis nam congue', 5.3, 1);
insert into NaitCourses (CourseID, CourseName, CourseCredits, Active) values (96, 'sed lacus morbi', 5.2, 0);
insert into NaitCourses (CourseID, CourseName, CourseCredits, Active) values (97, 'consectetuer adipiscing', 4.9, 0);
insert into NaitCourses (CourseID, CourseName, CourseCredits, Active) values (98, 'aliquet ultrices erat', 2.3, 1);
insert into NaitCourses (CourseID, CourseName, CourseCredits, Active) values (99, 'tempus sit', 3.1, 1);
insert into NaitCourses (CourseID, CourseName, CourseCredits, Active) values (100, 'morbi odio', 6.0, 1);



insert into HighSchoolCourses (HighSchoolCourseID, HighSchoolCourseName) values (1, 'venenatis non sodales');
insert into HighSchoolCourses (HighSchoolCourseID, HighSchoolCourseName) values (2, 'luctus et');
insert into HighSchoolCourses (HighSchoolCourseID, HighSchoolCourseName) values (3, 'suspendisse potenti in');
insert into HighSchoolCourses (HighSchoolCourseID, HighSchoolCourseName) values (4, 'elementum');
insert into HighSchoolCourses (HighSchoolCourseID, HighSchoolCourseName) values (5, 'etiam');
insert into HighSchoolCourses (HighSchoolCourseID, HighSchoolCourseName) values (6, 'sapien');
insert into HighSchoolCourses (HighSchoolCourseID, HighSchoolCourseName) values (7, 'congue');
insert into HighSchoolCourses (HighSchoolCourseID, HighSchoolCourseName) values (8, 'nulla suscipit ligula');
insert into HighSchoolCourses (HighSchoolCourseID, HighSchoolCourseName) values (9, 'nam dui');
insert into HighSchoolCourses (HighSchoolCourseID, HighSchoolCourseName) values (10, 'sapien iaculis');
insert into HighSchoolCourses (HighSchoolCourseID, HighSchoolCourseName) values (11, 'libero nullam sit');
insert into HighSchoolCourses (HighSchoolCourseID, HighSchoolCourseName) values (12, 'amet eros suspendisse');
insert into HighSchoolCourses (HighSchoolCourseID, HighSchoolCourseName) values (13, 'ipsum praesent blandit');
insert into HighSchoolCourses (HighSchoolCourseID, HighSchoolCourseName) values (14, 'orci');
insert into HighSchoolCourses (HighSchoolCourseID, HighSchoolCourseName) values (15, 'sit amet eros');
insert into HighSchoolCourses (HighSchoolCourseID, HighSchoolCourseName) values (16, 'lacinia');
insert into HighSchoolCourses (HighSchoolCourseID, HighSchoolCourseName) values (17, 'amet');
insert into HighSchoolCourses (HighSchoolCourseID, HighSchoolCourseName) values (18, 'dapibus at diam');
insert into HighSchoolCourses (HighSchoolCourseID, HighSchoolCourseName) values (19, 'rutrum at lorem');
insert into HighSchoolCourses (HighSchoolCourseID, HighSchoolCourseName) values (20, 'cras non velit');
insert into HighSchoolCourses (HighSchoolCourseID, HighSchoolCourseName) values (21, 'nunc commodo placerat');
insert into HighSchoolCourses (HighSchoolCourseID, HighSchoolCourseName) values (22, 'ullamcorper augue a');
insert into HighSchoolCourses (HighSchoolCourseID, HighSchoolCourseName) values (23, 'magnis dis parturient');
insert into HighSchoolCourses (HighSchoolCourseID, HighSchoolCourseName) values (24, 'vitae');
insert into HighSchoolCourses (HighSchoolCourseID, HighSchoolCourseName) values (25, 'ullamcorper');
insert into HighSchoolCourses (HighSchoolCourseID, HighSchoolCourseName) values (26, 'curabitur');
insert into HighSchoolCourses (HighSchoolCourseID, HighSchoolCourseName) values (27, 'in faucibus orci');
insert into HighSchoolCourses (HighSchoolCourseID, HighSchoolCourseName) values (28, 'duis bibendum felis');
insert into HighSchoolCourses (HighSchoolCourseID, HighSchoolCourseName) values (29, 'neque sapien');
insert into HighSchoolCourses (HighSchoolCourseID, HighSchoolCourseName) values (30, 'mattis odio donec');
insert into HighSchoolCourses (HighSchoolCourseID, HighSchoolCourseName) values (31, 'tempus');
insert into HighSchoolCourses (HighSchoolCourseID, HighSchoolCourseName) values (32, 'pretium');
insert into HighSchoolCourses (HighSchoolCourseID, HighSchoolCourseName) values (33, 'nisl');
insert into HighSchoolCourses (HighSchoolCourseID, HighSchoolCourseName) values (34, 'et magnis');
insert into HighSchoolCourses (HighSchoolCourseID, HighSchoolCourseName) values (35, 'vivamus tortor duis');
insert into HighSchoolCourses (HighSchoolCourseID, HighSchoolCourseName) values (36, 'rhoncus');
insert into HighSchoolCourses (HighSchoolCourseID, HighSchoolCourseName) values (37, 'aenean fermentum');
insert into HighSchoolCourses (HighSchoolCourseID, HighSchoolCourseName) values (38, 'ligula nec sem');
insert into HighSchoolCourses (HighSchoolCourseID, HighSchoolCourseName) values (39, 'euismod');
insert into HighSchoolCourses (HighSchoolCourseID, HighSchoolCourseName) values (40, 'eros suspendisse accumsan');
insert into HighSchoolCourses (HighSchoolCourseID, HighSchoolCourseName) values (41, 'maecenas');
insert into HighSchoolCourses (HighSchoolCourseID, HighSchoolCourseName) values (42, 'a feugiat et');
insert into HighSchoolCourses (HighSchoolCourseID, HighSchoolCourseName) values (43, 'suspendisse ornare');
insert into HighSchoolCourses (HighSchoolCourseID, HighSchoolCourseName) values (44, 'vel pede morbi');
insert into HighSchoolCourses (HighSchoolCourseID, HighSchoolCourseName) values (45, 'ut odio cras');
insert into HighSchoolCourses (HighSchoolCourseID, HighSchoolCourseName) values (46, 'nascetur ridiculus mus');
insert into HighSchoolCourses (HighSchoolCourseID, HighSchoolCourseName) values (47, 'at nunc');
insert into HighSchoolCourses (HighSchoolCourseID, HighSchoolCourseName) values (48, 'ultrices posuere cubilia');
insert into HighSchoolCourses (HighSchoolCourseID, HighSchoolCourseName) values (49, 'nulla tempus');
insert into HighSchoolCourses (HighSchoolCourseID, HighSchoolCourseName) values (50, 'aenean auctor');
insert into HighSchoolCourses (HighSchoolCourseID, HighSchoolCourseName) values (51, 'ipsum aliquam');
insert into HighSchoolCourses (HighSchoolCourseID, HighSchoolCourseName) values (52, 'faucibus orci');
insert into HighSchoolCourses (HighSchoolCourseID, HighSchoolCourseName) values (53, 'pede malesuada in');
insert into HighSchoolCourses (HighSchoolCourseID, HighSchoolCourseName) values (54, 'sit amet justo');
insert into HighSchoolCourses (HighSchoolCourseID, HighSchoolCourseName) values (55, 'blandit lacinia');
insert into HighSchoolCourses (HighSchoolCourseID, HighSchoolCourseName) values (56, 'platea');
insert into HighSchoolCourses (HighSchoolCourseID, HighSchoolCourseName) values (57, 'sagittis nam congue');
insert into HighSchoolCourses (HighSchoolCourseID, HighSchoolCourseName) values (58, 'leo');
insert into HighSchoolCourses (HighSchoolCourseID, HighSchoolCourseName) values (59, 'est');
insert into HighSchoolCourses (HighSchoolCourseID, HighSchoolCourseName) values (60, 'consequat');
insert into HighSchoolCourses (HighSchoolCourseID, HighSchoolCourseName) values (61, 'justo in blandit');
insert into HighSchoolCourses (HighSchoolCourseID, HighSchoolCourseName) values (62, 'libero');
insert into HighSchoolCourses (HighSchoolCourseID, HighSchoolCourseName) values (63, 'natoque penatibus et');
insert into HighSchoolCourses (HighSchoolCourseID, HighSchoolCourseName) values (64, 'nunc donec quis');
insert into HighSchoolCourses (HighSchoolCourseID, HighSchoolCourseName) values (65, 'sed sagittis nam');
insert into HighSchoolCourses (HighSchoolCourseID, HighSchoolCourseName) values (66, 'iaculis');
insert into HighSchoolCourses (HighSchoolCourseID, HighSchoolCourseName) values (67, 'volutpat sapien arcu');
insert into HighSchoolCourses (HighSchoolCourseID, HighSchoolCourseName) values (68, 'vel nulla eget');
insert into HighSchoolCourses (HighSchoolCourseID, HighSchoolCourseName) values (69, 'justo morbi');
insert into HighSchoolCourses (HighSchoolCourseID, HighSchoolCourseName) values (70, 'blandit ultrices');
insert into HighSchoolCourses (HighSchoolCourseID, HighSchoolCourseName) values (71, 'urna');
insert into HighSchoolCourses (HighSchoolCourseID, HighSchoolCourseName) values (72, 'gravida nisi at');
insert into HighSchoolCourses (HighSchoolCourseID, HighSchoolCourseName) values (73, 'adipiscing elit');
insert into HighSchoolCourses (HighSchoolCourseID, HighSchoolCourseName) values (74, 'vivamus vel nulla');
insert into HighSchoolCourses (HighSchoolCourseID, HighSchoolCourseName) values (75, 'turpis nec');
insert into HighSchoolCourses (HighSchoolCourseID, HighSchoolCourseName) values (76, 'lobortis');
insert into HighSchoolCourses (HighSchoolCourseID, HighSchoolCourseName) values (77, 'ante');
insert into HighSchoolCourses (HighSchoolCourseID, HighSchoolCourseName) values (78, 'dui maecenas tristique');
insert into HighSchoolCourses (HighSchoolCourseID, HighSchoolCourseName) values (79, 'sodales');
insert into HighSchoolCourses (HighSchoolCourseID, HighSchoolCourseName) values (80, 'vestibulum vestibulum ante');
insert into HighSchoolCourses (HighSchoolCourseID, HighSchoolCourseName) values (81, 'eleifend luctus ultricies');
insert into HighSchoolCourses (HighSchoolCourseID, HighSchoolCourseName) values (82, 'eros');
insert into HighSchoolCourses (HighSchoolCourseID, HighSchoolCourseName) values (83, 'mattis pulvinar');
insert into HighSchoolCourses (HighSchoolCourseID, HighSchoolCourseName) values (84, 'amet justo morbi');
insert into HighSchoolCourses (HighSchoolCourseID, HighSchoolCourseName) values (85, 'proin risus praesent');
insert into HighSchoolCourses (HighSchoolCourseID, HighSchoolCourseName) values (86, 'tempus semper');
insert into HighSchoolCourses (HighSchoolCourseID, HighSchoolCourseName) values (87, 'primis in');
insert into HighSchoolCourses (HighSchoolCourseID, HighSchoolCourseName) values (88, 'ante nulla');
insert into HighSchoolCourses (HighSchoolCourseID, HighSchoolCourseName) values (89, 'consequat ut nulla');
insert into HighSchoolCourses (HighSchoolCourseID, HighSchoolCourseName) values (90, 'luctus et');
insert into HighSchoolCourses (HighSchoolCourseID, HighSchoolCourseName) values (91, 'sit amet consectetuer');
insert into HighSchoolCourses (HighSchoolCourseID, HighSchoolCourseName) values (92, 'dignissim vestibulum');
insert into HighSchoolCourses (HighSchoolCourseID, HighSchoolCourseName) values (93, 'justo');
insert into HighSchoolCourses (HighSchoolCourseID, HighSchoolCourseName) values (94, 'donec vitae');
insert into HighSchoolCourses (HighSchoolCourseID, HighSchoolCourseName) values (95, 'felis eu sapien');
insert into HighSchoolCourses (HighSchoolCourseID, HighSchoolCourseName) values (96, 'nulla eget eros');
insert into HighSchoolCourses (HighSchoolCourseID, HighSchoolCourseName) values (97, 'pretium iaculis');
insert into HighSchoolCourses (HighSchoolCourseID, HighSchoolCourseName) values (98, 'vestibulum ante ipsum');
insert into HighSchoolCourses (HighSchoolCourseID, HighSchoolCourseName) values (99, 'primis in faucibus');
insert into HighSchoolCourses (HighSchoolCourseID, HighSchoolCourseName) values (100, 'nulla');


insert into EntranceRequirement (SubjectRequirementID, HighSchoolCourseID, RequiredMark) values (164, 73, 78);
insert into EntranceRequirement (SubjectRequirementID, HighSchoolCourseID, RequiredMark) values (18, 10, 49);
insert into EntranceRequirement (SubjectRequirementID, HighSchoolCourseID, RequiredMark) values (57, 69, 40);
insert into EntranceRequirement (SubjectRequirementID, HighSchoolCourseID, RequiredMark) values (108, 74, 93);
insert into EntranceRequirement (SubjectRequirementID, HighSchoolCourseID, RequiredMark) values (131, 66, 85);
insert into EntranceRequirement (SubjectRequirementID, HighSchoolCourseID, RequiredMark) values (149, 38, 80);
insert into EntranceRequirement (SubjectRequirementID, HighSchoolCourseID, RequiredMark) values (1, 73, 59);
insert into EntranceRequirement (SubjectRequirementID, HighSchoolCourseID, RequiredMark) values (98, 73, 69);
insert into EntranceRequirement (SubjectRequirementID, HighSchoolCourseID, RequiredMark) values (87, 82, 83);
insert into EntranceRequirement (SubjectRequirementID, HighSchoolCourseID, RequiredMark) values (169, 24, 54);
insert into EntranceRequirement (SubjectRequirementID, HighSchoolCourseID, RequiredMark) values (11, 6, 52);
insert into EntranceRequirement (SubjectRequirementID, HighSchoolCourseID, RequiredMark) values (190, 54, 72);
insert into EntranceRequirement (SubjectRequirementID, HighSchoolCourseID, RequiredMark) values (172, 23, 71);
insert into EntranceRequirement (SubjectRequirementID, HighSchoolCourseID, RequiredMark) values (153, 69, 67);
insert into EntranceRequirement (SubjectRequirementID, HighSchoolCourseID, RequiredMark) values (115, 94, 78);
insert into EntranceRequirement (SubjectRequirementID, HighSchoolCourseID, RequiredMark) values (77, 58, 41);
insert into EntranceRequirement (SubjectRequirementID, HighSchoolCourseID, RequiredMark) values (16, 30, 83);
insert into EntranceRequirement (SubjectRequirementID, HighSchoolCourseID, RequiredMark) values (187, 76, 98);
insert into EntranceRequirement (SubjectRequirementID, HighSchoolCourseID, RequiredMark) values (42, 45, 48);
insert into EntranceRequirement (SubjectRequirementID, HighSchoolCourseID, RequiredMark) values (179, 29, 100);
insert into EntranceRequirement (SubjectRequirementID, HighSchoolCourseID, RequiredMark) values (42, 59, 42);
insert into EntranceRequirement (SubjectRequirementID, HighSchoolCourseID, RequiredMark) values (48, 10, 99);
insert into EntranceRequirement (SubjectRequirementID, HighSchoolCourseID, RequiredMark) values (36, 16, 64);
insert into EntranceRequirement (SubjectRequirementID, HighSchoolCourseID, RequiredMark) values (13, 53, 87);
insert into EntranceRequirement (SubjectRequirementID, HighSchoolCourseID, RequiredMark) values (2, 38, 97);
insert into EntranceRequirement (SubjectRequirementID, HighSchoolCourseID, RequiredMark) values (17, 99, 56);
insert into EntranceRequirement (SubjectRequirementID, HighSchoolCourseID, RequiredMark) values (69, 9, 70);
insert into EntranceRequirement (SubjectRequirementID, HighSchoolCourseID, RequiredMark) values (55, 4, 50);
insert into EntranceRequirement (SubjectRequirementID, HighSchoolCourseID, RequiredMark) values (114, 77, 88);
insert into EntranceRequirement (SubjectRequirementID, HighSchoolCourseID, RequiredMark) values (3, 39, 69);
insert into EntranceRequirement (SubjectRequirementID, HighSchoolCourseID, RequiredMark) values (71, 52, 90);
insert into EntranceRequirement (SubjectRequirementID, HighSchoolCourseID, RequiredMark) values (43, 11, 73);
insert into EntranceRequirement (SubjectRequirementID, HighSchoolCourseID, RequiredMark) values (156, 67, 47);
insert into EntranceRequirement (SubjectRequirementID, HighSchoolCourseID, RequiredMark) values (76, 48, 69);
insert into EntranceRequirement (SubjectRequirementID, HighSchoolCourseID, RequiredMark) values (99, 31, 94);
insert into EntranceRequirement (SubjectRequirementID, HighSchoolCourseID, RequiredMark) values (126, 4, 84);
insert into EntranceRequirement (SubjectRequirementID, HighSchoolCourseID, RequiredMark) values (139, 50, 66);
insert into EntranceRequirement (SubjectRequirementID, HighSchoolCourseID, RequiredMark) values (194, 1, 58);
insert into EntranceRequirement (SubjectRequirementID, HighSchoolCourseID, RequiredMark) values (44, 44, 75);
insert into EntranceRequirement (SubjectRequirementID, HighSchoolCourseID, RequiredMark) values (194, 4, 49);
insert into EntranceRequirement (SubjectRequirementID, HighSchoolCourseID, RequiredMark) values (18, 71, 75);
insert into EntranceRequirement (SubjectRequirementID, HighSchoolCourseID, RequiredMark) values (122, 92, 94);
insert into EntranceRequirement (SubjectRequirementID, HighSchoolCourseID, RequiredMark) values (200, 6, 66);
insert into EntranceRequirement (SubjectRequirementID, HighSchoolCourseID, RequiredMark) values (8, 17, 81);
insert into EntranceRequirement (SubjectRequirementID, HighSchoolCourseID, RequiredMark) values (124, 20, 79);
insert into EntranceRequirement (SubjectRequirementID, HighSchoolCourseID, RequiredMark) values (189, 38, 53);
insert into EntranceRequirement (SubjectRequirementID, HighSchoolCourseID, RequiredMark) values (54, 23, 97);
insert into EntranceRequirement (SubjectRequirementID, HighSchoolCourseID, RequiredMark) values (189, 45, 69);
insert into EntranceRequirement (SubjectRequirementID, HighSchoolCourseID, RequiredMark) values (182, 38, 68);
insert into EntranceRequirement (SubjectRequirementID, HighSchoolCourseID, RequiredMark) values (43, 19, 44);
insert into EntranceRequirement (SubjectRequirementID, HighSchoolCourseID, RequiredMark) values (48, 38, 80);
insert into EntranceRequirement (SubjectRequirementID, HighSchoolCourseID, RequiredMark) values (61, 49, 96);
insert into EntranceRequirement (SubjectRequirementID, HighSchoolCourseID, RequiredMark) values (24, 65, 96);
insert into EntranceRequirement (SubjectRequirementID, HighSchoolCourseID, RequiredMark) values (23, 27, 61);
insert into EntranceRequirement (SubjectRequirementID, HighSchoolCourseID, RequiredMark) values (59, 24, 61);
insert into EntranceRequirement (SubjectRequirementID, HighSchoolCourseID, RequiredMark) values (196, 56, 97);
insert into EntranceRequirement (SubjectRequirementID, HighSchoolCourseID, RequiredMark) values (10, 97, 75);
insert into EntranceRequirement (SubjectRequirementID, HighSchoolCourseID, RequiredMark) values (98, 96, 59);
insert into EntranceRequirement (SubjectRequirementID, HighSchoolCourseID, RequiredMark) values (155, 2, 87);
insert into EntranceRequirement (SubjectRequirementID, HighSchoolCourseID, RequiredMark) values (81, 14, 46);
insert into EntranceRequirement (SubjectRequirementID, HighSchoolCourseID, RequiredMark) values (77, 95, 60);
insert into EntranceRequirement (SubjectRequirementID, HighSchoolCourseID, RequiredMark) values (76, 25, 72);
insert into EntranceRequirement (SubjectRequirementID, HighSchoolCourseID, RequiredMark) values (10, 62, 92);
insert into EntranceRequirement (SubjectRequirementID, HighSchoolCourseID, RequiredMark) values (51, 5, 84);
insert into EntranceRequirement (SubjectRequirementID, HighSchoolCourseID, RequiredMark) values (17, 76, 45);
insert into EntranceRequirement (SubjectRequirementID, HighSchoolCourseID, RequiredMark) values (20, 42, 43);
insert into EntranceRequirement (SubjectRequirementID, HighSchoolCourseID, RequiredMark) values (6, 93, 63);
insert into EntranceRequirement (SubjectRequirementID, HighSchoolCourseID, RequiredMark) values (90, 20, 54);
insert into EntranceRequirement (SubjectRequirementID, HighSchoolCourseID, RequiredMark) values (105, 69, 62);
insert into EntranceRequirement (SubjectRequirementID, HighSchoolCourseID, RequiredMark) values (74, 46, 65);
insert into EntranceRequirement (SubjectRequirementID, HighSchoolCourseID, RequiredMark) values (1, 24, 68);
insert into EntranceRequirement (SubjectRequirementID, HighSchoolCourseID, RequiredMark) values (85, 91, 71);
insert into EntranceRequirement (SubjectRequirementID, HighSchoolCourseID, RequiredMark) values (73, 42, 94);
insert into EntranceRequirement (SubjectRequirementID, HighSchoolCourseID, RequiredMark) values (131, 70, 55);
insert into EntranceRequirement (SubjectRequirementID, HighSchoolCourseID, RequiredMark) values (112, 58, 79);
insert into EntranceRequirement (SubjectRequirementID, HighSchoolCourseID, RequiredMark) values (56, 29, 82);
insert into EntranceRequirement (SubjectRequirementID, HighSchoolCourseID, RequiredMark) values (2, 49, 40);
insert into EntranceRequirement (SubjectRequirementID, HighSchoolCourseID, RequiredMark) values (167, 46, 89);
insert into EntranceRequirement (SubjectRequirementID, HighSchoolCourseID, RequiredMark) values (92, 51, 55);
insert into EntranceRequirement (SubjectRequirementID, HighSchoolCourseID, RequiredMark) values (180, 33, 51);
insert into EntranceRequirement (SubjectRequirementID, HighSchoolCourseID, RequiredMark) values (152, 88, 49);
insert into EntranceRequirement (SubjectRequirementID, HighSchoolCourseID, RequiredMark) values (19, 75, 42);
insert into EntranceRequirement (SubjectRequirementID, HighSchoolCourseID, RequiredMark) values (169, 82, 53);
insert into EntranceRequirement (SubjectRequirementID, HighSchoolCourseID, RequiredMark) values (145, 61, 75);
insert into EntranceRequirement (SubjectRequirementID, HighSchoolCourseID, RequiredMark) values (73, 15, 72);
insert into EntranceRequirement (SubjectRequirementID, HighSchoolCourseID, RequiredMark) values (145, 54, 93);
insert into EntranceRequirement (SubjectRequirementID, HighSchoolCourseID, RequiredMark) values (69, 7, 60);
insert into EntranceRequirement (SubjectRequirementID, HighSchoolCourseID, RequiredMark) values (16, 73, 65);
insert into EntranceRequirement (SubjectRequirementID, HighSchoolCourseID, RequiredMark) values (53, 44, 52);
insert into EntranceRequirement (SubjectRequirementID, HighSchoolCourseID, RequiredMark) values (143, 86, 50);
insert into EntranceRequirement (SubjectRequirementID, HighSchoolCourseID, RequiredMark) values (167, 28, 59);
insert into EntranceRequirement (SubjectRequirementID, HighSchoolCourseID, RequiredMark) values (7, 95, 92);
insert into EntranceRequirement (SubjectRequirementID, HighSchoolCourseID, RequiredMark) values (19, 71, 52);
insert into EntranceRequirement (SubjectRequirementID, HighSchoolCourseID, RequiredMark) values (148, 100, 59);
insert into EntranceRequirement (SubjectRequirementID, HighSchoolCourseID, RequiredMark) values (200, 63, 76);
insert into EntranceRequirement (SubjectRequirementID, HighSchoolCourseID, RequiredMark) values (181, 21, 89);
insert into EntranceRequirement (SubjectRequirementID, HighSchoolCourseID, RequiredMark) values (22, 20, 94);
insert into EntranceRequirement (SubjectRequirementID, HighSchoolCourseID, RequiredMark) values (7, 4, 97);
insert into EntranceRequirement (SubjectRequirementID, HighSchoolCourseID, RequiredMark) values (164, 81, 86);
insert into EntranceRequirement (SubjectRequirementID, HighSchoolCourseID, RequiredMark) values (100, 51, 72);
insert into EntranceRequirement (SubjectRequirementID, HighSchoolCourseID, RequiredMark) values (143, 13, 80);
insert into EntranceRequirement (SubjectRequirementID, HighSchoolCourseID, RequiredMark) values (195, 89, 91);
insert into EntranceRequirement (SubjectRequirementID, HighSchoolCourseID, RequiredMark) values (123, 73, 64);
insert into EntranceRequirement (SubjectRequirementID, HighSchoolCourseID, RequiredMark) values (99, 83, 68);
insert into EntranceRequirement (SubjectRequirementID, HighSchoolCourseID, RequiredMark) values (182, 20, 78);
insert into EntranceRequirement (SubjectRequirementID, HighSchoolCourseID, RequiredMark) values (100, 38, 74);
insert into EntranceRequirement (SubjectRequirementID, HighSchoolCourseID, RequiredMark) values (20, 76, 84);
insert into EntranceRequirement (SubjectRequirementID, HighSchoolCourseID, RequiredMark) values (138, 39, 60);
insert into EntranceRequirement (SubjectRequirementID, HighSchoolCourseID, RequiredMark) values (22, 29, 68);
insert into EntranceRequirement (SubjectRequirementID, HighSchoolCourseID, RequiredMark) values (151, 20, 99);
insert into EntranceRequirement (SubjectRequirementID, HighSchoolCourseID, RequiredMark) values (181, 15, 47);
insert into EntranceRequirement (SubjectRequirementID, HighSchoolCourseID, RequiredMark) values (101, 30, 49);
insert into EntranceRequirement (SubjectRequirementID, HighSchoolCourseID, RequiredMark) values (74, 27, 71);
insert into EntranceRequirement (SubjectRequirementID, HighSchoolCourseID, RequiredMark) values (97, 70, 57);
insert into EntranceRequirement (SubjectRequirementID, HighSchoolCourseID, RequiredMark) values (74, 43, 72);
insert into EntranceRequirement (SubjectRequirementID, HighSchoolCourseID, RequiredMark) values (162, 82, 69);
insert into EntranceRequirement (SubjectRequirementID, HighSchoolCourseID, RequiredMark) values (132, 80, 87);
insert into EntranceRequirement (SubjectRequirementID, HighSchoolCourseID, RequiredMark) values (168, 99, 50);
insert into EntranceRequirement (SubjectRequirementID, HighSchoolCourseID, RequiredMark) values (61, 83, 43);
insert into EntranceRequirement (SubjectRequirementID, HighSchoolCourseID, RequiredMark) values (23, 85, 50);
insert into EntranceRequirement (SubjectRequirementID, HighSchoolCourseID, RequiredMark) values (192, 22, 76);
insert into EntranceRequirement (SubjectRequirementID, HighSchoolCourseID, RequiredMark) values (199, 59, 74);
insert into EntranceRequirement (SubjectRequirementID, HighSchoolCourseID, RequiredMark) values (179, 5, 54);
insert into EntranceRequirement (SubjectRequirementID, HighSchoolCourseID, RequiredMark) values (27, 42, 95);
insert into EntranceRequirement (SubjectRequirementID, HighSchoolCourseID, RequiredMark) values (41, 99, 84);
insert into EntranceRequirement (SubjectRequirementID, HighSchoolCourseID, RequiredMark) values (153, 40, 63);
insert into EntranceRequirement (SubjectRequirementID, HighSchoolCourseID, RequiredMark) values (125, 86, 57);
insert into EntranceRequirement (SubjectRequirementID, HighSchoolCourseID, RequiredMark) values (140, 99, 95);
insert into EntranceRequirement (SubjectRequirementID, HighSchoolCourseID, RequiredMark) values (23, 93, 77);
insert into EntranceRequirement (SubjectRequirementID, HighSchoolCourseID, RequiredMark) values (116, 93, 40);
insert into EntranceRequirement (SubjectRequirementID, HighSchoolCourseID, RequiredMark) values (39, 8, 54);
insert into EntranceRequirement (SubjectRequirementID, HighSchoolCourseID, RequiredMark) values (171, 67, 72);
insert into EntranceRequirement (SubjectRequirementID, HighSchoolCourseID, RequiredMark) values (53, 78, 74);
insert into EntranceRequirement (SubjectRequirementID, HighSchoolCourseID, RequiredMark) values (31, 49, 45);
insert into EntranceRequirement (SubjectRequirementID, HighSchoolCourseID, RequiredMark) values (108, 51, 43);
insert into EntranceRequirement (SubjectRequirementID, HighSchoolCourseID, RequiredMark) values (68, 85, 98);
insert into EntranceRequirement (SubjectRequirementID, HighSchoolCourseID, RequiredMark) values (89, 69, 79);
insert into EntranceRequirement (SubjectRequirementID, HighSchoolCourseID, RequiredMark) values (89, 6, 55);
insert into EntranceRequirement (SubjectRequirementID, HighSchoolCourseID, RequiredMark) values (135, 15, 92);
insert into EntranceRequirement (SubjectRequirementID, HighSchoolCourseID, RequiredMark) values (125, 69, 62);
insert into EntranceRequirement (SubjectRequirementID, HighSchoolCourseID, RequiredMark) values (35, 14, 58);
insert into EntranceRequirement (SubjectRequirementID, HighSchoolCourseID, RequiredMark) values (82, 55, 43);
insert into EntranceRequirement (SubjectRequirementID, HighSchoolCourseID, RequiredMark) values (178, 94, 41);
insert into EntranceRequirement (SubjectRequirementID, HighSchoolCourseID, RequiredMark) values (182, 47, 63);
insert into EntranceRequirement (SubjectRequirementID, HighSchoolCourseID, RequiredMark) values (177, 69, 98);
insert into EntranceRequirement (SubjectRequirementID, HighSchoolCourseID, RequiredMark) values (133, 21, 70);
insert into EntranceRequirement (SubjectRequirementID, HighSchoolCourseID, RequiredMark) values (77, 31, 92);
insert into EntranceRequirement (SubjectRequirementID, HighSchoolCourseID, RequiredMark) values (77, 33, 79);
insert into EntranceRequirement (SubjectRequirementID, HighSchoolCourseID, RequiredMark) values (161, 1, 47);
insert into EntranceRequirement (SubjectRequirementID, HighSchoolCourseID, RequiredMark) values (113, 29, 44);
insert into EntranceRequirement (SubjectRequirementID, HighSchoolCourseID, RequiredMark) values (52, 98, 73);
insert into EntranceRequirement (SubjectRequirementID, HighSchoolCourseID, RequiredMark) values (57, 57, 87);
insert into EntranceRequirement (SubjectRequirementID, HighSchoolCourseID, RequiredMark) values (112, 45, 46);
insert into EntranceRequirement (SubjectRequirementID, HighSchoolCourseID, RequiredMark) values (182, 43, 49);
insert into EntranceRequirement (SubjectRequirementID, HighSchoolCourseID, RequiredMark) values (74, 16, 74);
insert into EntranceRequirement (SubjectRequirementID, HighSchoolCourseID, RequiredMark) values (27, 92, 57);
insert into EntranceRequirement (SubjectRequirementID, HighSchoolCourseID, RequiredMark) values (137, 71, 99);
insert into EntranceRequirement (SubjectRequirementID, HighSchoolCourseID, RequiredMark) values (70, 16, 46);
insert into EntranceRequirement (SubjectRequirementID, HighSchoolCourseID, RequiredMark) values (48, 23, 98);
insert into EntranceRequirement (SubjectRequirementID, HighSchoolCourseID, RequiredMark) values (115, 29, 57);
insert into EntranceRequirement (SubjectRequirementID, HighSchoolCourseID, RequiredMark) values (49, 40, 54);
insert into EntranceRequirement (SubjectRequirementID, HighSchoolCourseID, RequiredMark) values (193, 67, 89);
insert into EntranceRequirement (SubjectRequirementID, HighSchoolCourseID, RequiredMark) values (181, 56, 41);
insert into EntranceRequirement (SubjectRequirementID, HighSchoolCourseID, RequiredMark) values (170, 3, 81);
insert into EntranceRequirement (SubjectRequirementID, HighSchoolCourseID, RequiredMark) values (137, 15, 47);
insert into EntranceRequirement (SubjectRequirementID, HighSchoolCourseID, RequiredMark) values (190, 42, 62);

insert into EntranceRequirement (SubjectRequirementID, HighSchoolCourseID, RequiredMark) values (48, 55, 82);
insert into EntranceRequirement (SubjectRequirementID, HighSchoolCourseID, RequiredMark) values (135, 2, 58);
insert into EntranceRequirement (SubjectRequirementID, HighSchoolCourseID, RequiredMark) values (173, 9, 66);
insert into EntranceRequirement (SubjectRequirementID, HighSchoolCourseID, RequiredMark) values (51, 16, 92);
insert into EntranceRequirement (SubjectRequirementID, HighSchoolCourseID, RequiredMark) values (50, 1, 82);
insert into EntranceRequirement (SubjectRequirementID, HighSchoolCourseID, RequiredMark) values (126, 40, 82);
insert into EntranceRequirement (SubjectRequirementID, HighSchoolCourseID, RequiredMark) values (16, 12, 74);
insert into EntranceRequirement (SubjectRequirementID, HighSchoolCourseID, RequiredMark) values (119, 48, 78);
insert into EntranceRequirement (SubjectRequirementID, HighSchoolCourseID, RequiredMark) values (4, 98, 55);
insert into EntranceRequirement (SubjectRequirementID, HighSchoolCourseID, RequiredMark) values (171, 42, 97);
insert into EntranceRequirement (SubjectRequirementID, HighSchoolCourseID, RequiredMark) values (137, 5, 40);
insert into EntranceRequirement (SubjectRequirementID, HighSchoolCourseID, RequiredMark) values (168, 80, 90);
insert into EntranceRequirement (SubjectRequirementID, HighSchoolCourseID, RequiredMark) values (162, 59, 59);
insert into EntranceRequirement (SubjectRequirementID, HighSchoolCourseID, RequiredMark) values (152, 28, 72);
insert into EntranceRequirement (SubjectRequirementID, HighSchoolCourseID, RequiredMark) values (188, 14, 64);
insert into EntranceRequirement (SubjectRequirementID, HighSchoolCourseID, RequiredMark) values (5, 79, 95);
insert into EntranceRequirement (SubjectRequirementID, HighSchoolCourseID, RequiredMark) values (115, 84, 79);
insert into EntranceRequirement (SubjectRequirementID, HighSchoolCourseID, RequiredMark) values (184, 13, 52);
insert into EntranceRequirement (SubjectRequirementID, HighSchoolCourseID, RequiredMark) values (165, 6, 80);
insert into EntranceRequirement (SubjectRequirementID, HighSchoolCourseID, RequiredMark) values (91, 28, 80);
insert into EntranceRequirement (SubjectRequirementID, HighSchoolCourseID, RequiredMark) values (191, 82, 94);
insert into EntranceRequirement (SubjectRequirementID, HighSchoolCourseID, RequiredMark) values (37, 17, 45);
insert into EntranceRequirement (SubjectRequirementID, HighSchoolCourseID, RequiredMark) values (193, 15, 46);
insert into EntranceRequirement (SubjectRequirementID, HighSchoolCourseID, RequiredMark) values (165, 79, 77);
insert into EntranceRequirement (SubjectRequirementID, HighSchoolCourseID, RequiredMark) values (91, 41, 46);
insert into EntranceRequirement (SubjectRequirementID, HighSchoolCourseID, RequiredMark) values (152, 34, 91);
insert into EntranceRequirement (SubjectRequirementID, HighSchoolCourseID, RequiredMark) values (73, 4, 87);
insert into EntranceRequirement (SubjectRequirementID, HighSchoolCourseID, RequiredMark) values (174, 76, 87);
insert into EntranceRequirement (SubjectRequirementID, HighSchoolCourseID, RequiredMark) values (98, 18, 90);
insert into EntranceRequirement (SubjectRequirementID, HighSchoolCourseID, RequiredMark) values (9, 90, 98);
insert into EntranceRequirement (SubjectRequirementID, HighSchoolCourseID, RequiredMark) values (33, 14, 70);
insert into EntranceRequirement (SubjectRequirementID, HighSchoolCourseID, RequiredMark) values (53, 79, 74);
insert into EntranceRequirement (SubjectRequirementID, HighSchoolCourseID, RequiredMark) values (165, 45, 63);
insert into EntranceRequirement (SubjectRequirementID, HighSchoolCourseID, RequiredMark) values (75, 26, 96);
insert into EntranceRequirement (SubjectRequirementID, HighSchoolCourseID, RequiredMark) values (132, 14, 76);
insert into EntranceRequirement (SubjectRequirementID, HighSchoolCourseID, RequiredMark) values (85, 89, 70);
insert into EntranceRequirement (SubjectRequirementID, HighSchoolCourseID, RequiredMark) values (138, 78, 55);
insert into EntranceRequirement (SubjectRequirementID, HighSchoolCourseID, RequiredMark) values (6, 100, 52);
insert into EntranceRequirement (SubjectRequirementID, HighSchoolCourseID, RequiredMark) values (92, 83, 76);
insert into EntranceRequirement (SubjectRequirementID, HighSchoolCourseID, RequiredMark) values (4, 11, 70);
insert into EntranceRequirement (SubjectRequirementID, HighSchoolCourseID, RequiredMark) values (141, 54, 73);
insert into EntranceRequirement (SubjectRequirementID, HighSchoolCourseID, RequiredMark) values (18, 52, 60);
insert into EntranceRequirement (SubjectRequirementID, HighSchoolCourseID, RequiredMark) values (183, 5, 93);
insert into EntranceRequirement (SubjectRequirementID, HighSchoolCourseID, RequiredMark) values (65, 2, 88);
insert into EntranceRequirement (SubjectRequirementID, HighSchoolCourseID, RequiredMark) values (162, 88, 96);
insert into EntranceRequirement (SubjectRequirementID, HighSchoolCourseID, RequiredMark) values (129, 72, 69);
insert into EntranceRequirement (SubjectRequirementID, HighSchoolCourseID, RequiredMark) values (15, 1, 79);
insert into EntranceRequirement (SubjectRequirementID, HighSchoolCourseID, RequiredMark) values (41, 95, 93);
insert into EntranceRequirement (SubjectRequirementID, HighSchoolCourseID, RequiredMark) values (133, 49, 54);
insert into EntranceRequirement (SubjectRequirementID, HighSchoolCourseID, RequiredMark) values (46, 20, 88);
insert into EntranceRequirement (SubjectRequirementID, HighSchoolCourseID, RequiredMark) values (6, 20, 49);
insert into EntranceRequirement (SubjectRequirementID, HighSchoolCourseID, RequiredMark) values (179, 61, 76);
insert into EntranceRequirement (SubjectRequirementID, HighSchoolCourseID, RequiredMark) values (45, 82, 99);
insert into EntranceRequirement (SubjectRequirementID, HighSchoolCourseID, RequiredMark) values (181, 67, 44);
insert into EntranceRequirement (SubjectRequirementID, HighSchoolCourseID, RequiredMark) values (62, 96, 50);
insert into EntranceRequirement (SubjectRequirementID, HighSchoolCourseID, RequiredMark) values (144, 74, 88);
insert into EntranceRequirement (SubjectRequirementID, HighSchoolCourseID, RequiredMark) values (51, 59, 45);
insert into EntranceRequirement (SubjectRequirementID, HighSchoolCourseID, RequiredMark) values (124, 64, 47);
insert into EntranceRequirement (SubjectRequirementID, HighSchoolCourseID, RequiredMark) values (12, 89, 54);
insert into EntranceRequirement (SubjectRequirementID, HighSchoolCourseID, RequiredMark) values (157, 62, 54);
insert into EntranceRequirement (SubjectRequirementID, HighSchoolCourseID, RequiredMark) values (21, 83, 78);
insert into EntranceRequirement (SubjectRequirementID, HighSchoolCourseID, RequiredMark) values (145, 10, 44);
insert into EntranceRequirement (SubjectRequirementID, HighSchoolCourseID, RequiredMark) values (168, 39, 98);

insert into EntranceRequirement (SubjectRequirementID, HighSchoolCourseID, RequiredMark) values (113, 71, 42);
insert into EntranceRequirement (SubjectRequirementID, HighSchoolCourseID, RequiredMark) values (3, 8, 67);
insert into EntranceRequirement (SubjectRequirementID, HighSchoolCourseID, RequiredMark) values (19, 43, 71);
insert into EntranceRequirement (SubjectRequirementID, HighSchoolCourseID, RequiredMark) values (84, 58, 77);
insert into EntranceRequirement (SubjectRequirementID, HighSchoolCourseID, RequiredMark) values (187, 43, 55);
insert into EntranceRequirement (SubjectRequirementID, HighSchoolCourseID, RequiredMark) values (92, 94, 63);
insert into EntranceRequirement (SubjectRequirementID, HighSchoolCourseID, RequiredMark) values (115, 93, 53);
insert into EntranceRequirement (SubjectRequirementID, HighSchoolCourseID, RequiredMark) values (145, 73, 76);
insert into EntranceRequirement (SubjectRequirementID, HighSchoolCourseID, RequiredMark) values (100, 77, 61);
insert into EntranceRequirement (SubjectRequirementID, HighSchoolCourseID, RequiredMark) values (162, 37, 98);
insert into EntranceRequirement (SubjectRequirementID, HighSchoolCourseID, RequiredMark) values (152, 74, 70);
insert into EntranceRequirement (SubjectRequirementID, HighSchoolCourseID, RequiredMark) values (18, 40, 71);
insert into EntranceRequirement (SubjectRequirementID, HighSchoolCourseID, RequiredMark) values (139, 12, 75);
insert into EntranceRequirement (SubjectRequirementID, HighSchoolCourseID, RequiredMark) values (29, 87, 57);
insert into EntranceRequirement (SubjectRequirementID, HighSchoolCourseID, RequiredMark) values (75, 10, 97);
insert into EntranceRequirement (SubjectRequirementID, HighSchoolCourseID, RequiredMark) values (21, 64, 52);
insert into EntranceRequirement (SubjectRequirementID, HighSchoolCourseID, RequiredMark) values (55, 5, 43);
insert into EntranceRequirement (SubjectRequirementID, HighSchoolCourseID, RequiredMark) values (128, 64, 91);
insert into EntranceRequirement (SubjectRequirementID, HighSchoolCourseID, RequiredMark) values (128, 61, 41);
insert into EntranceRequirement (SubjectRequirementID, HighSchoolCourseID, RequiredMark) values (195, 60, 83);
insert into EntranceRequirement (SubjectRequirementID, HighSchoolCourseID, RequiredMark) values (22, 75, 98);
insert into EntranceRequirement (SubjectRequirementID, HighSchoolCourseID, RequiredMark) values (55, 89, 68);
insert into EntranceRequirement (SubjectRequirementID, HighSchoolCourseID, RequiredMark) values (120, 1, 72);
insert into EntranceRequirement (SubjectRequirementID, HighSchoolCourseID, RequiredMark) values (145, 82, 48);
insert into EntranceRequirement (SubjectRequirementID, HighSchoolCourseID, RequiredMark) values (48, 30, 74);
insert into EntranceRequirement (SubjectRequirementID, HighSchoolCourseID, RequiredMark) values (3, 22, 48);
insert into EntranceRequirement (SubjectRequirementID, HighSchoolCourseID, RequiredMark) values (157, 47, 45);
insert into EntranceRequirement (SubjectRequirementID, HighSchoolCourseID, RequiredMark) values (169, 57, 77);
insert into EntranceRequirement (SubjectRequirementID, HighSchoolCourseID, RequiredMark) values (39, 48, 52);
insert into EntranceRequirement (SubjectRequirementID, HighSchoolCourseID, RequiredMark) values (48, 73, 84);
insert into EntranceRequirement (SubjectRequirementID, HighSchoolCourseID, RequiredMark) values (104, 86, 75);
insert into EntranceRequirement (SubjectRequirementID, HighSchoolCourseID, RequiredMark) values (154, 93, 99);
insert into EntranceRequirement (SubjectRequirementID, HighSchoolCourseID, RequiredMark) values (48, 4, 95);
insert into EntranceRequirement (SubjectRequirementID, HighSchoolCourseID, RequiredMark) values (63, 64, 70);
insert into EntranceRequirement (SubjectRequirementID, HighSchoolCourseID, RequiredMark) values (161, 15, 83);
insert into EntranceRequirement (SubjectRequirementID, HighSchoolCourseID, RequiredMark) values (145, 50, 65);
insert into EntranceRequirement (SubjectRequirementID, HighSchoolCourseID, RequiredMark) values (110, 4, 49);
insert into EntranceRequirement (SubjectRequirementID, HighSchoolCourseID, RequiredMark) values (130, 79, 92);
insert into EntranceRequirement (SubjectRequirementID, HighSchoolCourseID, RequiredMark) values (56, 45, 94);
insert into EntranceRequirement (SubjectRequirementID, HighSchoolCourseID, RequiredMark) values (78, 10, 53);
insert into EntranceRequirement (SubjectRequirementID, HighSchoolCourseID, RequiredMark) values (98, 92, 93);
insert into EntranceRequirement (SubjectRequirementID, HighSchoolCourseID, RequiredMark) values (137, 20, 77);
insert into EntranceRequirement (SubjectRequirementID, HighSchoolCourseID, RequiredMark) values (65, 32, 69);
insert into EntranceRequirement (SubjectRequirementID, HighSchoolCourseID, RequiredMark) values (178, 91, 58);
insert into EntranceRequirement (SubjectRequirementID, HighSchoolCourseID, RequiredMark) values (3, 91, 98);
insert into EntranceRequirement (SubjectRequirementID, HighSchoolCourseID, RequiredMark) values (48, 13, 99);
insert into EntranceRequirement (SubjectRequirementID, HighSchoolCourseID, RequiredMark) values (178, 18, 93);
insert into EntranceRequirement (SubjectRequirementID, HighSchoolCourseID, RequiredMark) values (136, 34, 61);
insert into EntranceRequirement (SubjectRequirementID, HighSchoolCourseID, RequiredMark) values (83, 10, 95);
insert into EntranceRequirement (SubjectRequirementID, HighSchoolCourseID, RequiredMark) values (119, 14, 93);
insert into EntranceRequirement (SubjectRequirementID, HighSchoolCourseID, RequiredMark) values (20, 43, 85);
insert into EntranceRequirement (SubjectRequirementID, HighSchoolCourseID, RequiredMark) values (154, 53, 60);
insert into EntranceRequirement (SubjectRequirementID, HighSchoolCourseID, RequiredMark) values (3, 64, 48);
insert into EntranceRequirement (SubjectRequirementID, HighSchoolCourseID, RequiredMark) values (105, 54, 89);
insert into EntranceRequirement (SubjectRequirementID, HighSchoolCourseID, RequiredMark) values (121, 44, 94);
insert into EntranceRequirement (SubjectRequirementID, HighSchoolCourseID, RequiredMark) values (53, 9, 65);
insert into EntranceRequirement (SubjectRequirementID, HighSchoolCourseID, RequiredMark) values (82, 79, 90);
insert into EntranceRequirement (SubjectRequirementID, HighSchoolCourseID, RequiredMark) values (71, 33, 95);
insert into EntranceRequirement (SubjectRequirementID, HighSchoolCourseID, RequiredMark) values (28, 33, 99);
insert into EntranceRequirement (SubjectRequirementID, HighSchoolCourseID, RequiredMark) values (5, 27, 57);
insert into EntranceRequirement (SubjectRequirementID, HighSchoolCourseID, RequiredMark) values (121, 76, 52);
insert into EntranceRequirement (SubjectRequirementID, HighSchoolCourseID, RequiredMark) values (193, 40, 83);
insert into EntranceRequirement (SubjectRequirementID, HighSchoolCourseID, RequiredMark) values (119, 85, 97);
insert into EntranceRequirement (SubjectRequirementID, HighSchoolCourseID, RequiredMark) values (72, 68, 83);
insert into EntranceRequirement (SubjectRequirementID, HighSchoolCourseID, RequiredMark) values (126, 9, 70);

insert into EntranceRequirement (SubjectRequirementID, HighSchoolCourseID, RequiredMark) values (116, 13, 44);
insert into EntranceRequirement (SubjectRequirementID, HighSchoolCourseID, RequiredMark) values (168, 50, 85);
insert into EntranceRequirement (SubjectRequirementID, HighSchoolCourseID, RequiredMark) values (83, 58, 58);





insert into CompletedProgram (ProgramID, StudentID, StudentGPA) values (10, 82, 2.9);
insert into CompletedProgram (ProgramID, StudentID, StudentGPA) values (91, 24, 3.28);
insert into CompletedProgram (ProgramID, StudentID, StudentGPA) values (21, 96, 2.32);
insert into CompletedProgram (ProgramID, StudentID, StudentGPA) values (29, 22, 1.44);
insert into CompletedProgram (ProgramID, StudentID, StudentGPA) values (46, 65, 3.11);
insert into CompletedProgram (ProgramID, StudentID, StudentGPA) values (27, 29, 2.59);
insert into CompletedProgram (ProgramID, StudentID, StudentGPA) values (25, 52, 3.54);
insert into CompletedProgram (ProgramID, StudentID, StudentGPA) values (86, 56, 2.84);
insert into CompletedProgram (ProgramID, StudentID, StudentGPA) values (26, 63, 2.98);
insert into CompletedProgram (ProgramID, StudentID, StudentGPA) values (9, 74, 2.91);
insert into CompletedProgram (ProgramID, StudentID, StudentGPA) values (17, 43, 4.0);
insert into CompletedProgram (ProgramID, StudentID, StudentGPA) values (81, 30, 3.39);
insert into CompletedProgram (ProgramID, StudentID, StudentGPA) values (52, 26, 3.31);
insert into CompletedProgram (ProgramID, StudentID, StudentGPA) values (36, 15, 1.03);
insert into CompletedProgram (ProgramID, StudentID, StudentGPA) values (59, 58, 2.26);
insert into CompletedProgram (ProgramID, StudentID, StudentGPA) values (13, 91, 1.9);
insert into CompletedProgram (ProgramID, StudentID, StudentGPA) values (49, 91, 1.1);
insert into CompletedProgram (ProgramID, StudentID, StudentGPA) values (99, 89, 3.58);
insert into CompletedProgram (ProgramID, StudentID, StudentGPA) values (21, 34, 1.12);
insert into CompletedProgram (ProgramID, StudentID, StudentGPA) values (17, 69, 1.75);
insert into CompletedProgram (ProgramID, StudentID, StudentGPA) values (48, 4, 1.49);
insert into CompletedProgram (ProgramID, StudentID, StudentGPA) values (24, 20, 3.5);
insert into CompletedProgram (ProgramID, StudentID, StudentGPA) values (8, 20, 2.31);
insert into CompletedProgram (ProgramID, StudentID, StudentGPA) values (44, 53, 1.26);
insert into CompletedProgram (ProgramID, StudentID, StudentGPA) values (81, 60, 2.88);
insert into CompletedProgram (ProgramID, StudentID, StudentGPA) values (54, 51, 3.36);
insert into CompletedProgram (ProgramID, StudentID, StudentGPA) values (59, 34, 2.73);
insert into CompletedProgram (ProgramID, StudentID, StudentGPA) values (12, 49, 3.61);
insert into CompletedProgram (ProgramID, StudentID, StudentGPA) values (95, 80, 1.78);
insert into CompletedProgram (ProgramID, StudentID, StudentGPA) values (11, 68, 2.12);
insert into CompletedProgram (ProgramID, StudentID, StudentGPA) values (95, 15, 1.05);
insert into CompletedProgram (ProgramID, StudentID, StudentGPA) values (98, 30, 2.03);
insert into CompletedProgram (ProgramID, StudentID, StudentGPA) values (78, 39, 3.68);
insert into CompletedProgram (ProgramID, StudentID, StudentGPA) values (60, 63, 3.03);
insert into CompletedProgram (ProgramID, StudentID, StudentGPA) values (8, 12, 2.77);
insert into CompletedProgram (ProgramID, StudentID, StudentGPA) values (87, 17, 3.77);
insert into CompletedProgram (ProgramID, StudentID, StudentGPA) values (12, 35, 1.22);
insert into CompletedProgram (ProgramID, StudentID, StudentGPA) values (79, 32, 0.27);
insert into CompletedProgram (ProgramID, StudentID, StudentGPA) values (49, 93, 2.82);
insert into CompletedProgram (ProgramID, StudentID, StudentGPA) values (1, 54, 1.4);
insert into CompletedProgram (ProgramID, StudentID, StudentGPA) values (76, 92, 2.49);
insert into CompletedProgram (ProgramID, StudentID, StudentGPA) values (97, 69, 2.19);
insert into CompletedProgram (ProgramID, StudentID, StudentGPA) values (89, 25, 1.56);
insert into CompletedProgram (ProgramID, StudentID, StudentGPA) values (48, 56, 3.39);
insert into CompletedProgram (ProgramID, StudentID, StudentGPA) values (41, 79, 3.12);
insert into CompletedProgram (ProgramID, StudentID, StudentGPA) values (6, 100, 3.76);
insert into CompletedProgram (ProgramID, StudentID, StudentGPA) values (11, 46, 3.21);
insert into CompletedProgram (ProgramID, StudentID, StudentGPA) values (64, 88, 2.28);
insert into CompletedProgram (ProgramID, StudentID, StudentGPA) values (17, 35, 1.19);
insert into CompletedProgram (ProgramID, StudentID, StudentGPA) values (76, 20, 2.69);
insert into CompletedProgram (ProgramID, StudentID, StudentGPA) values (93, 22, 3.15);
insert into CompletedProgram (ProgramID, StudentID, StudentGPA) values (26, 27, 2.83);
insert into CompletedProgram (ProgramID, StudentID, StudentGPA) values (40, 22, 3.96);
insert into CompletedProgram (ProgramID, StudentID, StudentGPA) values (64, 90, 2.08);
insert into CompletedProgram (ProgramID, StudentID, StudentGPA) values (42, 40, 2.39);
insert into CompletedProgram (ProgramID, StudentID, StudentGPA) values (22, 36, 2.12);
insert into CompletedProgram (ProgramID, StudentID, StudentGPA) values (66, 95, 2.98);
insert into CompletedProgram (ProgramID, StudentID, StudentGPA) values (39, 7, 2.24);
insert into CompletedProgram (ProgramID, StudentID, StudentGPA) values (93, 42, 3.6);
insert into CompletedProgram (ProgramID, StudentID, StudentGPA) values (18, 20, 1.03);
insert into CompletedProgram (ProgramID, StudentID, StudentGPA) values (14, 9, 2.8);
insert into CompletedProgram (ProgramID, StudentID, StudentGPA) values (84, 87, 3.81);
insert into CompletedProgram (ProgramID, StudentID, StudentGPA) values (41, 53, 2.1);

insert into CompletedProgram (ProgramID, StudentID, StudentGPA) values (68, 93, 2.34);
insert into CompletedProgram (ProgramID, StudentID, StudentGPA) values (88, 59, 3.14);
insert into CompletedProgram (ProgramID, StudentID, StudentGPA) values (64, 95, 1.53);
insert into CompletedProgram (ProgramID, StudentID, StudentGPA) values (96, 3, 1.24);
insert into CompletedProgram (ProgramID, StudentID, StudentGPA) values (78, 73, 2.15);
insert into CompletedProgram (ProgramID, StudentID, StudentGPA) values (28, 51, 3.74);




insert into CompletedHighSchoolCourses (HighSchoolCourseID, StudentID, Mark) values (22, 67, 89.47);
insert into CompletedHighSchoolCourses (HighSchoolCourseID, StudentID, Mark) values (67, 71, 64.81);
insert into CompletedHighSchoolCourses (HighSchoolCourseID, StudentID, Mark) values (55, 81, 99.02);
insert into CompletedHighSchoolCourses (HighSchoolCourseID, StudentID, Mark) values (20, 84, 79.73);
insert into CompletedHighSchoolCourses (HighSchoolCourseID, StudentID, Mark) values (89, 70, 85.23);
insert into CompletedHighSchoolCourses (HighSchoolCourseID, StudentID, Mark) values (3, 64, 61.23);
insert into CompletedHighSchoolCourses (HighSchoolCourseID, StudentID, Mark) values (40, 58, 62.19);
insert into CompletedHighSchoolCourses (HighSchoolCourseID, StudentID, Mark) values (12, 60, 70.61);
insert into CompletedHighSchoolCourses (HighSchoolCourseID, StudentID, Mark) values (16, 33, 49.39);
insert into CompletedHighSchoolCourses (HighSchoolCourseID, StudentID, Mark) values (65, 69, 46.17);
insert into CompletedHighSchoolCourses (HighSchoolCourseID, StudentID, Mark) values (74, 87, 73.4);
insert into CompletedHighSchoolCourses (HighSchoolCourseID, StudentID, Mark) values (70, 38, 53.22);
insert into CompletedHighSchoolCourses (HighSchoolCourseID, StudentID, Mark) values (33, 39, 93.2);
insert into CompletedHighSchoolCourses (HighSchoolCourseID, StudentID, Mark) values (45, 39, 77.27);
insert into CompletedHighSchoolCourses (HighSchoolCourseID, StudentID, Mark) values (98, 19, 61.6);
insert into CompletedHighSchoolCourses (HighSchoolCourseID, StudentID, Mark) values (48, 53, 55.2);
insert into CompletedHighSchoolCourses (HighSchoolCourseID, StudentID, Mark) values (92, 47, 72.44);
insert into CompletedHighSchoolCourses (HighSchoolCourseID, StudentID, Mark) values (43, 98, 96.67);
insert into CompletedHighSchoolCourses (HighSchoolCourseID, StudentID, Mark) values (20, 75, 71.64);
insert into CompletedHighSchoolCourses (HighSchoolCourseID, StudentID, Mark) values (96, 45, 57.55);
insert into CompletedHighSchoolCourses (HighSchoolCourseID, StudentID, Mark) values (4, 14, 55.69);
insert into CompletedHighSchoolCourses (HighSchoolCourseID, StudentID, Mark) values (53, 55, 65.97);
insert into CompletedHighSchoolCourses (HighSchoolCourseID, StudentID, Mark) values (57, 59, 42.56);
insert into CompletedHighSchoolCourses (HighSchoolCourseID, StudentID, Mark) values (94, 3, 55.77);
insert into CompletedHighSchoolCourses (HighSchoolCourseID, StudentID, Mark) values (54, 85, 89.89);
insert into CompletedHighSchoolCourses (HighSchoolCourseID, StudentID, Mark) values (24, 75, 77.83);
insert into CompletedHighSchoolCourses (HighSchoolCourseID, StudentID, Mark) values (83, 56, 46.92);
insert into CompletedHighSchoolCourses (HighSchoolCourseID, StudentID, Mark) values (77, 80, 59.77);
insert into CompletedHighSchoolCourses (HighSchoolCourseID, StudentID, Mark) values (23, 2, 66.89);
insert into CompletedHighSchoolCourses (HighSchoolCourseID, StudentID, Mark) values (46, 77, 42.58);
insert into CompletedHighSchoolCourses (HighSchoolCourseID, StudentID, Mark) values (36, 97, 64.52);
insert into CompletedHighSchoolCourses (HighSchoolCourseID, StudentID, Mark) values (11, 13, 64.83);
insert into CompletedHighSchoolCourses (HighSchoolCourseID, StudentID, Mark) values (9, 63, 77.06);
insert into CompletedHighSchoolCourses (HighSchoolCourseID, StudentID, Mark) values (5, 17, 58.08);
insert into CompletedHighSchoolCourses (HighSchoolCourseID, StudentID, Mark) values (10, 29, 80.45);
insert into CompletedHighSchoolCourses (HighSchoolCourseID, StudentID, Mark) values (57, 49, 41.2);
insert into CompletedHighSchoolCourses (HighSchoolCourseID, StudentID, Mark) values (7, 3, 79.97);
insert into CompletedHighSchoolCourses (HighSchoolCourseID, StudentID, Mark) values (64, 38, 52.45);
insert into CompletedHighSchoolCourses (HighSchoolCourseID, StudentID, Mark) values (2, 76, 72.35);
insert into CompletedHighSchoolCourses (HighSchoolCourseID, StudentID, Mark) values (37, 100, 64.33);
insert into CompletedHighSchoolCourses (HighSchoolCourseID, StudentID, Mark) values (41, 11, 61.7);
insert into CompletedHighSchoolCourses (HighSchoolCourseID, StudentID, Mark) values (54, 48, 41.92);
insert into CompletedHighSchoolCourses (HighSchoolCourseID, StudentID, Mark) values (82, 53, 80.83);
insert into CompletedHighSchoolCourses (HighSchoolCourseID, StudentID, Mark) values (73, 64, 55.85);
insert into CompletedHighSchoolCourses (HighSchoolCourseID, StudentID, Mark) values (59, 83, 60.42);
insert into CompletedHighSchoolCourses (HighSchoolCourseID, StudentID, Mark) values (65, 47, 87.32);
insert into CompletedHighSchoolCourses (HighSchoolCourseID, StudentID, Mark) values (81, 20, 60.93);
insert into CompletedHighSchoolCourses (HighSchoolCourseID, StudentID, Mark) values (79, 40, 75.72);
insert into CompletedHighSchoolCourses (HighSchoolCourseID, StudentID, Mark) values (99, 57, 77.27);
insert into CompletedHighSchoolCourses (HighSchoolCourseID, StudentID, Mark) values (45, 1, 87.7);
insert into CompletedHighSchoolCourses (HighSchoolCourseID, StudentID, Mark) values (86, 4, 72.49);
insert into CompletedHighSchoolCourses (HighSchoolCourseID, StudentID, Mark) values (85, 93, 86.78);
insert into CompletedHighSchoolCourses (HighSchoolCourseID, StudentID, Mark) values (25, 72, 64.09);
insert into CompletedHighSchoolCourses (HighSchoolCourseID, StudentID, Mark) values (72, 5, 47.13);
insert into CompletedHighSchoolCourses (HighSchoolCourseID, StudentID, Mark) values (75, 89, 79.83);
insert into CompletedHighSchoolCourses (HighSchoolCourseID, StudentID, Mark) values (37, 58, 86.75);
insert into CompletedHighSchoolCourses (HighSchoolCourseID, StudentID, Mark) values (92, 75, 81.87);
insert into CompletedHighSchoolCourses (HighSchoolCourseID, StudentID, Mark) values (33, 49, 47.79);
insert into CompletedHighSchoolCourses (HighSchoolCourseID, StudentID, Mark) values (93, 80, 95.17);
insert into CompletedHighSchoolCourses (HighSchoolCourseID, StudentID, Mark) values (41, 40, 64.47);
insert into CompletedHighSchoolCourses (HighSchoolCourseID, StudentID, Mark) values (18, 84, 79.4);
insert into CompletedHighSchoolCourses (HighSchoolCourseID, StudentID, Mark) values (22, 60, 62.9);
insert into CompletedHighSchoolCourses (HighSchoolCourseID, StudentID, Mark) values (15, 62, 75.67);
insert into CompletedHighSchoolCourses (HighSchoolCourseID, StudentID, Mark) values (60, 53, 63.63);
insert into CompletedHighSchoolCourses (HighSchoolCourseID, StudentID, Mark) values (94, 14, 71.07);
insert into CompletedHighSchoolCourses (HighSchoolCourseID, StudentID, Mark) values (33, 40, 91.91);
insert into CompletedHighSchoolCourses (HighSchoolCourseID, StudentID, Mark) values (87, 59, 94.9);
insert into CompletedHighSchoolCourses (HighSchoolCourseID, StudentID, Mark) values (95, 36, 74.18);
insert into CompletedHighSchoolCourses (HighSchoolCourseID, StudentID, Mark) values (64, 57, 70.22);
insert into CompletedHighSchoolCourses (HighSchoolCourseID, StudentID, Mark) values (77, 99, 40.68);
insert into CompletedHighSchoolCourses (HighSchoolCourseID, StudentID, Mark) values (9, 76, 57.0);
insert into CompletedHighSchoolCourses (HighSchoolCourseID, StudentID, Mark) values (20, 85, 68.95);
insert into CompletedHighSchoolCourses (HighSchoolCourseID, StudentID, Mark) values (88, 55, 85.05);
insert into CompletedHighSchoolCourses (HighSchoolCourseID, StudentID, Mark) values (53, 72, 62.26);
insert into CompletedHighSchoolCourses (HighSchoolCourseID, StudentID, Mark) values (75, 11, 95.89);
insert into CompletedHighSchoolCourses (HighSchoolCourseID, StudentID, Mark) values (1, 6, 80.9);
insert into CompletedHighSchoolCourses (HighSchoolCourseID, StudentID, Mark) values (26, 85, 75.76);
insert into CompletedHighSchoolCourses (HighSchoolCourseID, StudentID, Mark) values (70, 67, 67.82);
insert into CompletedHighSchoolCourses (HighSchoolCourseID, StudentID, Mark) values (99, 95, 67.32);
insert into CompletedHighSchoolCourses (HighSchoolCourseID, StudentID, Mark) values (63, 22, 61.29);
insert into CompletedHighSchoolCourses (HighSchoolCourseID, StudentID, Mark) values (28, 37, 89.3);
insert into CompletedHighSchoolCourses (HighSchoolCourseID, StudentID, Mark) values (77, 75, 67.08);
insert into CompletedHighSchoolCourses (HighSchoolCourseID, StudentID, Mark) values (16, 58, 53.37);
insert into CompletedHighSchoolCourses (HighSchoolCourseID, StudentID, Mark) values (84, 3, 97.34);
insert into CompletedHighSchoolCourses (HighSchoolCourseID, StudentID, Mark) values (44, 96, 99.76);
insert into CompletedHighSchoolCourses (HighSchoolCourseID, StudentID, Mark) values (77, 97, 82.8);
insert into CompletedHighSchoolCourses (HighSchoolCourseID, StudentID, Mark) values (62, 49, 71.99);
insert into CompletedHighSchoolCourses (HighSchoolCourseID, StudentID, Mark) values (42, 19, 49.51);
insert into CompletedHighSchoolCourses (HighSchoolCourseID, StudentID, Mark) values (96, 29, 42.09);
insert into CompletedHighSchoolCourses (HighSchoolCourseID, StudentID, Mark) values (47, 100, 71.58);
insert into CompletedHighSchoolCourses (HighSchoolCourseID, StudentID, Mark) values (38, 54, 93.68);
insert into CompletedHighSchoolCourses (HighSchoolCourseID, StudentID, Mark) values (96, 88, 94.1);
insert into CompletedHighSchoolCourses (HighSchoolCourseID, StudentID, Mark) values (88, 36, 89.93);
insert into CompletedHighSchoolCourses (HighSchoolCourseID, StudentID, Mark) values (25, 64, 88.08);
insert into CompletedHighSchoolCourses (HighSchoolCourseID, StudentID, Mark) values (29, 18, 60.82);
insert into CompletedHighSchoolCourses (HighSchoolCourseID, StudentID, Mark) values (17, 39, 45.06);
insert into CompletedHighSchoolCourses (HighSchoolCourseID, StudentID, Mark) values (22, 11, 48.92);
insert into CompletedHighSchoolCourses (HighSchoolCourseID, StudentID, Mark) values (20, 83, 73.28);
insert into CompletedHighSchoolCourses (HighSchoolCourseID, StudentID, Mark) values (25, 9, 82.02);
insert into CompletedHighSchoolCourses (HighSchoolCourseID, StudentID, Mark) values (67, 50, 62.6);
insert into CompletedHighSchoolCourses (HighSchoolCourseID, StudentID, Mark) values (26, 57, 56.98);
insert into CompletedHighSchoolCourses (HighSchoolCourseID, StudentID, Mark) values (79, 62, 96.17);
insert into CompletedHighSchoolCourses (HighSchoolCourseID, StudentID, Mark) values (23, 42, 58.92);
insert into CompletedHighSchoolCourses (HighSchoolCourseID, StudentID, Mark) values (15, 61, 58.51);
insert into CompletedHighSchoolCourses (HighSchoolCourseID, StudentID, Mark) values (71, 28, 53.12);
insert into CompletedHighSchoolCourses (HighSchoolCourseID, StudentID, Mark) values (72, 58, 63.01);
insert into CompletedHighSchoolCourses (HighSchoolCourseID, StudentID, Mark) values (96, 64, 93.13);
insert into CompletedHighSchoolCourses (HighSchoolCourseID, StudentID, Mark) values (68, 47, 88.51);
insert into CompletedHighSchoolCourses (HighSchoolCourseID, StudentID, Mark) values (95, 58, 83.49);
insert into CompletedHighSchoolCourses (HighSchoolCourseID, StudentID, Mark) values (83, 85, 96.1);
insert into CompletedHighSchoolCourses (HighSchoolCourseID, StudentID, Mark) values (99, 12, 43.45);
insert into CompletedHighSchoolCourses (HighSchoolCourseID, StudentID, Mark) values (26, 88, 42.2);
insert into CompletedHighSchoolCourses (HighSchoolCourseID, StudentID, Mark) values (17, 48, 86.45);
insert into CompletedHighSchoolCourses (HighSchoolCourseID, StudentID, Mark) values (98, 51, 83.69);
insert into CompletedHighSchoolCourses (HighSchoolCourseID, StudentID, Mark) values (43, 5, 57.02);
insert into CompletedHighSchoolCourses (HighSchoolCourseID, StudentID, Mark) values (72, 91, 86.3);

insert into CompletedHighSchoolCourses (HighSchoolCourseID, StudentID, Mark) values (77, 84, 72.99);
insert into CompletedHighSchoolCourses (HighSchoolCourseID, StudentID, Mark) values (72, 13, 60.66);
insert into CompletedHighSchoolCourses (HighSchoolCourseID, StudentID, Mark) values (57, 75, 45.12);
insert into CompletedHighSchoolCourses (HighSchoolCourseID, StudentID, Mark) values (29, 49, 87.38);
insert into CompletedHighSchoolCourses (HighSchoolCourseID, StudentID, Mark) values (60, 76, 83.33);
insert into CompletedHighSchoolCourses (HighSchoolCourseID, StudentID, Mark) values (49, 58, 84.62);
insert into CompletedHighSchoolCourses (HighSchoolCourseID, StudentID, Mark) values (68, 67, 45.04);
insert into CompletedHighSchoolCourses (HighSchoolCourseID, StudentID, Mark) values (28, 49, 60.74);
insert into CompletedHighSchoolCourses (HighSchoolCourseID, StudentID, Mark) values (55, 59, 94.64);
insert into CompletedHighSchoolCourses (HighSchoolCourseID, StudentID, Mark) values (13, 23, 88.41);
insert into CompletedHighSchoolCourses (HighSchoolCourseID, StudentID, Mark) values (26, 19, 82.24);
insert into CompletedHighSchoolCourses (HighSchoolCourseID, StudentID, Mark) values (83, 45, 64.12);
insert into CompletedHighSchoolCourses (HighSchoolCourseID, StudentID, Mark) values (63, 20, 66.73);
insert into CompletedHighSchoolCourses (HighSchoolCourseID, StudentID, Mark) values (32, 42, 91.34);
insert into CompletedHighSchoolCourses (HighSchoolCourseID, StudentID, Mark) values (81, 94, 52.87);
insert into CompletedHighSchoolCourses (HighSchoolCourseID, StudentID, Mark) values (45, 57, 93.83);
insert into CompletedHighSchoolCourses (HighSchoolCourseID, StudentID, Mark) values (70, 99, 91.97);
insert into CompletedHighSchoolCourses (HighSchoolCourseID, StudentID, Mark) values (97, 70, 73.56);
insert into CompletedHighSchoolCourses (HighSchoolCourseID, StudentID, Mark) values (68, 63, 67.85);
insert into CompletedHighSchoolCourses (HighSchoolCourseID, StudentID, Mark) values (93, 16, 92.25);
insert into CompletedHighSchoolCourses (HighSchoolCourseID, StudentID, Mark) values (93, 61, 99.0);
insert into CompletedHighSchoolCourses (HighSchoolCourseID, StudentID, Mark) values (21, 14, 80.52);
insert into CompletedHighSchoolCourses (HighSchoolCourseID, StudentID, Mark) values (37, 54, 80.85);
insert into CompletedHighSchoolCourses (HighSchoolCourseID, StudentID, Mark) values (86, 98, 48.62);
insert into CompletedHighSchoolCourses (HighSchoolCourseID, StudentID, Mark) values (96, 100, 77.99);
insert into CompletedHighSchoolCourses (HighSchoolCourseID, StudentID, Mark) values (49, 21, 42.6);
insert into CompletedHighSchoolCourses (HighSchoolCourseID, StudentID, Mark) values (1, 78, 80.99);
insert into CompletedHighSchoolCourses (HighSchoolCourseID, StudentID, Mark) values (15, 31, 77.03);
insert into CompletedHighSchoolCourses (HighSchoolCourseID, StudentID, Mark) values (99, 67, 62.37);

insert into CompletedHighSchoolCourses (HighSchoolCourseID, StudentID, Mark) values (66, 77, 55.85);
insert into CompletedHighSchoolCourses (HighSchoolCourseID, StudentID, Mark) values (26, 48, 60.0);
insert into CompletedHighSchoolCourses (HighSchoolCourseID, StudentID, Mark) values (68, 99, 99.56);
insert into CompletedHighSchoolCourses (HighSchoolCourseID, StudentID, Mark) values (18, 86, 61.01);
insert into CompletedHighSchoolCourses (HighSchoolCourseID, StudentID, Mark) values (95, 69, 50.69);
insert into CompletedHighSchoolCourses (HighSchoolCourseID, StudentID, Mark) values (28, 67, 78.71);
insert into CompletedHighSchoolCourses (HighSchoolCourseID, StudentID, Mark) values (77, 100, 45.09);
insert into CompletedHighSchoolCourses (HighSchoolCourseID, StudentID, Mark) values (36, 73, 92.22);
insert into CompletedHighSchoolCourses (HighSchoolCourseID, StudentID, Mark) values (56, 95, 48.26);
insert into CompletedHighSchoolCourses (HighSchoolCourseID, StudentID, Mark) values (49, 55, 90.55);
insert into CompletedHighSchoolCourses (HighSchoolCourseID, StudentID, Mark) values (66, 92, 46.89);
insert into CompletedHighSchoolCourses (HighSchoolCourseID, StudentID, Mark) values (34, 46, 44.35);
insert into CompletedHighSchoolCourses (HighSchoolCourseID, StudentID, Mark) values (50, 5, 89.73);
insert into CompletedHighSchoolCourses (HighSchoolCourseID, StudentID, Mark) values (88, 37, 59.65);
insert into CompletedHighSchoolCourses (HighSchoolCourseID, StudentID, Mark) values (30, 20, 92.75);
insert into CompletedHighSchoolCourses (HighSchoolCourseID, StudentID, Mark) values (53, 84, 50.15);
insert into CompletedHighSchoolCourses (HighSchoolCourseID, StudentID, Mark) values (76, 80, 99.53);
insert into CompletedHighSchoolCourses (HighSchoolCourseID, StudentID, Mark) values (56, 100, 48.79);
insert into CompletedHighSchoolCourses (HighSchoolCourseID, StudentID, Mark) values (82, 96, 69.14);
insert into CompletedHighSchoolCourses (HighSchoolCourseID, StudentID, Mark) values (87, 100, 97.13);
insert into CompletedHighSchoolCourses (HighSchoolCourseID, StudentID, Mark) values (6, 89, 43.84);
insert into CompletedHighSchoolCourses (HighSchoolCourseID, StudentID, Mark) values (11, 66, 60.38);
insert into CompletedHighSchoolCourses (HighSchoolCourseID, StudentID, Mark) values (56, 61, 87.05);
insert into CompletedHighSchoolCourses (HighSchoolCourseID, StudentID, Mark) values (46, 66, 42.54);
insert into CompletedHighSchoolCourses (HighSchoolCourseID, StudentID, Mark) values (3, 51, 92.2);
insert into CompletedHighSchoolCourses (HighSchoolCourseID, StudentID, Mark) values (82, 93, 91.24);
insert into CompletedHighSchoolCourses (HighSchoolCourseID, StudentID, Mark) values (41, 96, 48.79);
insert into CompletedHighSchoolCourses (HighSchoolCourseID, StudentID, Mark) values (24, 42, 83.24);
insert into CompletedHighSchoolCourses (HighSchoolCourseID, StudentID, Mark) values (25, 43, 56.98);
insert into CompletedHighSchoolCourses (HighSchoolCourseID, StudentID, Mark) values (14, 80, 55.16);
insert into CompletedHighSchoolCourses (HighSchoolCourseID, StudentID, Mark) values (73, 16, 90.2);
insert into CompletedHighSchoolCourses (HighSchoolCourseID, StudentID, Mark) values (12, 68, 57.57);
insert into CompletedHighSchoolCourses (HighSchoolCourseID, StudentID, Mark) values (63, 9, 58.16);
insert into CompletedHighSchoolCourses (HighSchoolCourseID, StudentID, Mark) values (45, 16, 78.96);
insert into CompletedHighSchoolCourses (HighSchoolCourseID, StudentID, Mark) values (99, 23, 78.99);
insert into CompletedHighSchoolCourses (HighSchoolCourseID, StudentID, Mark) values (5, 85, 60.23);
insert into CompletedHighSchoolCourses (HighSchoolCourseID, StudentID, Mark) values (11, 31, 40.67);
insert into CompletedHighSchoolCourses (HighSchoolCourseID, StudentID, Mark) values (22, 100, 66.62);
insert into CompletedHighSchoolCourses (HighSchoolCourseID, StudentID, Mark) values (50, 41, 60.15);
insert into CompletedHighSchoolCourses (HighSchoolCourseID, StudentID, Mark) values (61, 56, 50.16);
insert into CompletedHighSchoolCourses (HighSchoolCourseID, StudentID, Mark) values (47, 9, 87.44);
insert into CompletedHighSchoolCourses (HighSchoolCourseID, StudentID, Mark) values (2, 39, 92.86);
insert into CompletedHighSchoolCourses (HighSchoolCourseID, StudentID, Mark) values (98, 78, 87.73);
insert into CompletedHighSchoolCourses (HighSchoolCourseID, StudentID, Mark) values (82, 41, 41.83);
insert into CompletedHighSchoolCourses (HighSchoolCourseID, StudentID, Mark) values (33, 91, 88.12);
insert into CompletedHighSchoolCourses (HighSchoolCourseID, StudentID, Mark) values (6, 81, 72.27);
insert into CompletedHighSchoolCourses (HighSchoolCourseID, StudentID, Mark) values (50, 81, 79.07);
insert into CompletedHighSchoolCourses (HighSchoolCourseID, StudentID, Mark) values (39, 1, 57.67);
insert into CompletedHighSchoolCourses (HighSchoolCourseID, StudentID, Mark) values (69, 49, 84.74);
insert into CompletedHighSchoolCourses (HighSchoolCourseID, StudentID, Mark) values (18, 35, 78.63);
insert into CompletedHighSchoolCourses (HighSchoolCourseID, StudentID, Mark) values (52, 8, 69.79);

insert into CompletedHighSchoolCourses (HighSchoolCourseID, StudentID, Mark) values (35, 55, 91.72);

insert into CompletedHighSchoolCourses (HighSchoolCourseID, StudentID, Mark) values (70, 24, 68.21);
insert into CompletedHighSchoolCourses (HighSchoolCourseID, StudentID, Mark) values (77, 16, 81.95);
insert into CompletedHighSchoolCourses (HighSchoolCourseID, StudentID, Mark) values (1, 30, 55.47);
insert into CompletedHighSchoolCourses (HighSchoolCourseID, StudentID, Mark) values (22, 14, 58.63);
insert into CompletedHighSchoolCourses (HighSchoolCourseID, StudentID, Mark) values (68, 82, 68.43);
insert into CompletedHighSchoolCourses (HighSchoolCourseID, StudentID, Mark) values (90, 99, 77.19);
insert into CompletedHighSchoolCourses (HighSchoolCourseID, StudentID, Mark) values (98, 36, 45.18);
insert into CompletedHighSchoolCourses (HighSchoolCourseID, StudentID, Mark) values (66, 97, 71.64);

insert into CompletedHighSchoolCourses (HighSchoolCourseID, StudentID, Mark) values (97, 35, 98.81);
insert into CompletedHighSchoolCourses (HighSchoolCourseID, StudentID, Mark) values (55, 11, 89.53);
insert into CompletedHighSchoolCourses (HighSchoolCourseID, StudentID, Mark) values (4, 87, 70.25);
insert into CompletedHighSchoolCourses (HighSchoolCourseID, StudentID, Mark) values (59, 42, 62.11);
insert into CompletedHighSchoolCourses (HighSchoolCourseID, StudentID, Mark) values (58, 63, 61.37);
insert into CompletedHighSchoolCourses (HighSchoolCourseID, StudentID, Mark) values (15, 68, 83.44);
insert into CompletedHighSchoolCourses (HighSchoolCourseID, StudentID, Mark) values (23, 49, 69.16);

insert into CompletedHighSchoolCourses (HighSchoolCourseID, StudentID, Mark) values (12, 90, 61.32);
insert into CompletedHighSchoolCourses (HighSchoolCourseID, StudentID, Mark) values (47, 98, 56.67);
insert into CompletedHighSchoolCourses (HighSchoolCourseID, StudentID, Mark) values (72, 41, 93.46);
insert into CompletedHighSchoolCourses (HighSchoolCourseID, StudentID, Mark) values (14, 7, 62.29);
insert into CompletedHighSchoolCourses (HighSchoolCourseID, StudentID, Mark) values (7, 5, 82.91);
insert into CompletedHighSchoolCourses (HighSchoolCourseID, StudentID, Mark) values (38, 21, 71.2);
insert into CompletedHighSchoolCourses (HighSchoolCourseID, StudentID, Mark) values (90, 86, 90.45);
insert into CompletedHighSchoolCourses (HighSchoolCourseID, StudentID, Mark) values (8, 69, 55.41);
insert into CompletedHighSchoolCourses (HighSchoolCourseID, StudentID, Mark) values (1, 81, 91.71);
insert into CompletedHighSchoolCourses (HighSchoolCourseID, StudentID, Mark) values (56, 84, 47.16);
insert into CompletedHighSchoolCourses (HighSchoolCourseID, StudentID, Mark) values (89, 43, 41.57);
insert into CompletedHighSchoolCourses (HighSchoolCourseID, StudentID, Mark) values (91, 10, 85.77);
insert into CompletedHighSchoolCourses (HighSchoolCourseID, StudentID, Mark) values (78, 14, 46.77);
insert into CompletedHighSchoolCourses (HighSchoolCourseID, StudentID, Mark) values (37, 93, 70.04);
insert into CompletedHighSchoolCourses (HighSchoolCourseID, StudentID, Mark) values (87, 44, 53.66);
insert into CompletedHighSchoolCourses (HighSchoolCourseID, StudentID, Mark) values (61, 45, 49.13);
insert into CompletedHighSchoolCourses (HighSchoolCourseID, StudentID, Mark) values (6, 78, 79.45);
insert into CompletedHighSchoolCourses (HighSchoolCourseID, StudentID, Mark) values (40, 3, 87.03);
insert into CompletedHighSchoolCourses (HighSchoolCourseID, StudentID, Mark) values (42, 34, 86.18);
insert into CompletedHighSchoolCourses (HighSchoolCourseID, StudentID, Mark) values (88, 33, 72.21);
insert into CompletedHighSchoolCourses (HighSchoolCourseID, StudentID, Mark) values (35, 59, 80.79);
insert into CompletedHighSchoolCourses (HighSchoolCourseID, StudentID, Mark) values (34, 22, 51.55);
insert into CompletedHighSchoolCourses (HighSchoolCourseID, StudentID, Mark) values (74, 54, 45.15);
insert into CompletedHighSchoolCourses (HighSchoolCourseID, StudentID, Mark) values (26, 61, 98.68);
insert into CompletedHighSchoolCourses (HighSchoolCourseID, StudentID, Mark) values (39, 37, 91.76);
insert into CompletedHighSchoolCourses (HighSchoolCourseID, StudentID, Mark) values (68, 56, 99.58);
insert into CompletedHighSchoolCourses (HighSchoolCourseID, StudentID, Mark) values (1, 83, 51.82);
insert into CompletedHighSchoolCourses (HighSchoolCourseID, StudentID, Mark) values (47, 54, 80.69);
insert into CompletedHighSchoolCourses (HighSchoolCourseID, StudentID, Mark) values (79, 87, 40.94);
insert into CompletedHighSchoolCourses (HighSchoolCourseID, StudentID, Mark) values (90, 7, 99.98);
insert into CompletedHighSchoolCourses (HighSchoolCourseID, StudentID, Mark) values (28, 9, 88.71);
insert into CompletedHighSchoolCourses (HighSchoolCourseID, StudentID, Mark) values (87, 62, 99.44);
insert into CompletedHighSchoolCourses (HighSchoolCourseID, StudentID, Mark) values (69, 24, 95.16);
insert into CompletedHighSchoolCourses (HighSchoolCourseID, StudentID, Mark) values (28, 71, 61.42);
insert into CompletedHighSchoolCourses (HighSchoolCourseID, StudentID, Mark) values (16, 79, 58.37);
insert into CompletedHighSchoolCourses (HighSchoolCourseID, StudentID, Mark) values (24, 53, 44.21);
insert into CompletedHighSchoolCourses (HighSchoolCourseID, StudentID, Mark) values (33, 15, 77.63);
insert into CompletedHighSchoolCourses (HighSchoolCourseID, StudentID, Mark) values (6, 32, 84.95);
insert into CompletedHighSchoolCourses (HighSchoolCourseID, StudentID, Mark) values (90, 93, 67.99);
insert into CompletedHighSchoolCourses (HighSchoolCourseID, StudentID, Mark) values (81, 16, 51.54);
insert into CompletedHighSchoolCourses (HighSchoolCourseID, StudentID, Mark) values (13, 94, 95.18);
insert into CompletedHighSchoolCourses (HighSchoolCourseID, StudentID, Mark) values (47, 71, 91.56);
insert into CompletedHighSchoolCourses (HighSchoolCourseID, StudentID, Mark) values (60, 78, 53.34);
insert into CompletedHighSchoolCourses (HighSchoolCourseID, StudentID, Mark) values (62, 19, 49.57);
insert into CompletedHighSchoolCourses (HighSchoolCourseID, StudentID, Mark) values (61, 88, 90.94);
insert into CompletedHighSchoolCourses (HighSchoolCourseID, StudentID, Mark) values (62, 15, 74.84);
insert into CompletedHighSchoolCourses (HighSchoolCourseID, StudentID, Mark) values (15, 4, 46.29);
insert into CompletedHighSchoolCourses (HighSchoolCourseID, StudentID, Mark) values (80, 50, 72.0);
insert into CompletedHighSchoolCourses (HighSchoolCourseID, StudentID, Mark) values (18, 24, 76.55);
insert into CompletedHighSchoolCourses (HighSchoolCourseID, StudentID, Mark) values (48, 95, 44.96);
insert into CompletedHighSchoolCourses (HighSchoolCourseID, StudentID, Mark) values (28, 18, 41.26);
insert into CompletedHighSchoolCourses (HighSchoolCourseID, StudentID, Mark) values (9, 9, 55.06);
insert into CompletedHighSchoolCourses (HighSchoolCourseID, StudentID, Mark) values (54, 78, 75.36);

insert into CompletedHighSchoolCourses (HighSchoolCourseID, StudentID, Mark) values (5, 89, 50.1);
insert into CompletedHighSchoolCourses (HighSchoolCourseID, StudentID, Mark) values (15, 72, 89.69);
insert into CompletedHighSchoolCourses (HighSchoolCourseID, StudentID, Mark) values (84, 72, 61.91);
insert into CompletedHighSchoolCourses (HighSchoolCourseID, StudentID, Mark) values (29, 41, 82.34);
insert into CompletedHighSchoolCourses (HighSchoolCourseID, StudentID, Mark) values (8, 43, 84.15);
insert into CompletedHighSchoolCourses (HighSchoolCourseID, StudentID, Mark) values (17, 49, 58.63);
insert into CompletedHighSchoolCourses (HighSchoolCourseID, StudentID, Mark) values (91, 35, 84.3);
insert into CompletedHighSchoolCourses (HighSchoolCourseID, StudentID, Mark) values (13, 8, 85.14);
insert into CompletedHighSchoolCourses (HighSchoolCourseID, StudentID, Mark) values (51, 44, 75.49);
insert into CompletedHighSchoolCourses (HighSchoolCourseID, StudentID, Mark) values (35, 60, 46.51);
insert into CompletedHighSchoolCourses (HighSchoolCourseID, StudentID, Mark) values (25, 78, 97.3);
insert into CompletedHighSchoolCourses (HighSchoolCourseID, StudentID, Mark) values (5, 34, 81.52);
insert into CompletedHighSchoolCourses (HighSchoolCourseID, StudentID, Mark) values (50, 73, 93.19);
insert into CompletedHighSchoolCourses (HighSchoolCourseID, StudentID, Mark) values (93, 53, 61.97);
insert into CompletedHighSchoolCourses (HighSchoolCourseID, StudentID, Mark) values (46, 62, 50.37);
insert into CompletedHighSchoolCourses (HighSchoolCourseID, StudentID, Mark) values (83, 8, 90.15);
insert into CompletedHighSchoolCourses (HighSchoolCourseID, StudentID, Mark) values (86, 2, 44.91);
insert into CompletedHighSchoolCourses (HighSchoolCourseID, StudentID, Mark) values (15, 75, 75.42);
insert into CompletedHighSchoolCourses (HighSchoolCourseID, StudentID, Mark) values (71, 46, 57.78);
insert into CompletedHighSchoolCourses (HighSchoolCourseID, StudentID, Mark) values (34, 3, 87.73);
insert into CompletedHighSchoolCourses (HighSchoolCourseID, StudentID, Mark) values (62, 83, 97.91);
insert into CompletedHighSchoolCourses (HighSchoolCourseID, StudentID, Mark) values (87, 98, 84.16);
insert into CompletedHighSchoolCourses (HighSchoolCourseID, StudentID, Mark) values (88, 1, 57.76);
insert into CompletedHighSchoolCourses (HighSchoolCourseID, StudentID, Mark) values (21, 50, 56.05);
insert into CompletedHighSchoolCourses (HighSchoolCourseID, StudentID, Mark) values (35, 94, 65.55);
insert into CompletedHighSchoolCourses (HighSchoolCourseID, StudentID, Mark) values (37, 1, 95.79);
insert into CompletedHighSchoolCourses (HighSchoolCourseID, StudentID, Mark) values (7, 47, 95.59);
insert into CompletedHighSchoolCourses (HighSchoolCourseID, StudentID, Mark) values (39, 42, 42.57);



insert into CompletedCourses (StudentID, CourseID) values (61, 72);
insert into CompletedCourses (StudentID, CourseID) values (21, 59);
insert into CompletedCourses (StudentID, CourseID) values (46, 99);
insert into CompletedCourses (StudentID, CourseID) values (94, 99);
insert into CompletedCourses (StudentID, CourseID) values (57, 68);
insert into CompletedCourses (StudentID, CourseID) values (97, 42);
insert into CompletedCourses (StudentID, CourseID) values (33, 27);
insert into CompletedCourses (StudentID, CourseID) values (46, 85);
insert into CompletedCourses (StudentID, CourseID) values (46, 30);
insert into CompletedCourses (StudentID, CourseID) values (65, 50);
insert into CompletedCourses (StudentID, CourseID) values (75, 36);
insert into CompletedCourses (StudentID, CourseID) values (16, 38);
insert into CompletedCourses (StudentID, CourseID) values (67, 30);
insert into CompletedCourses (StudentID, CourseID) values (96, 52);
insert into CompletedCourses (StudentID, CourseID) values (69, 98);
insert into CompletedCourses (StudentID, CourseID) values (87, 6);
insert into CompletedCourses (StudentID, CourseID) values (96, 18);
insert into CompletedCourses (StudentID, CourseID) values (85, 59);
insert into CompletedCourses (StudentID, CourseID) values (47, 55);
insert into CompletedCourses (StudentID, CourseID) values (53, 29);
insert into CompletedCourses (StudentID, CourseID) values (43, 77);
insert into CompletedCourses (StudentID, CourseID) values (91, 98);
insert into CompletedCourses (StudentID, CourseID) values (44, 54);
insert into CompletedCourses (StudentID, CourseID) values (49, 28);
insert into CompletedCourses (StudentID, CourseID) values (65, 18);
insert into CompletedCourses (StudentID, CourseID) values (74, 16);
insert into CompletedCourses (StudentID, CourseID) values (54, 90);
insert into CompletedCourses (StudentID, CourseID) values (98, 13);
insert into CompletedCourses (StudentID, CourseID) values (88, 57);
insert into CompletedCourses (StudentID, CourseID) values (29, 99);
insert into CompletedCourses (StudentID, CourseID) values (84, 37);
insert into CompletedCourses (StudentID, CourseID) values (53, 28);
insert into CompletedCourses (StudentID, CourseID) values (94, 18);
insert into CompletedCourses (StudentID, CourseID) values (72, 17);
insert into CompletedCourses (StudentID, CourseID) values (95, 67);
insert into CompletedCourses (StudentID, CourseID) values (79, 75);
insert into CompletedCourses (StudentID, CourseID) values (88, 75);
insert into CompletedCourses (StudentID, CourseID) values (59, 5);
insert into CompletedCourses (StudentID, CourseID) values (41, 66);
insert into CompletedCourses (StudentID, CourseID) values (48, 20);
insert into CompletedCourses (StudentID, CourseID) values (24, 85);
insert into CompletedCourses (StudentID, CourseID) values (93, 2);
insert into CompletedCourses (StudentID, CourseID) values (13, 11);
insert into CompletedCourses (StudentID, CourseID) values (29, 34);
insert into CompletedCourses (StudentID, CourseID) values (47, 57);
insert into CompletedCourses (StudentID, CourseID) values (91, 75);
insert into CompletedCourses (StudentID, CourseID) values (92, 2);
insert into CompletedCourses (StudentID, CourseID) values (52, 84);
insert into CompletedCourses (StudentID, CourseID) values (78, 60);
insert into CompletedCourses (StudentID, CourseID) values (83, 47);
insert into CompletedCourses (StudentID, CourseID) values (52, 82);
insert into CompletedCourses (StudentID, CourseID) values (21, 89);
insert into CompletedCourses (StudentID, CourseID) values (2, 37);
insert into CompletedCourses (StudentID, CourseID) values (61, 58);
insert into CompletedCourses (StudentID, CourseID) values (26, 21);
insert into CompletedCourses (StudentID, CourseID) values (23, 64);
insert into CompletedCourses (StudentID, CourseID) values (10, 29);
insert into CompletedCourses (StudentID, CourseID) values (72, 25);
insert into CompletedCourses (StudentID, CourseID) values (77, 89);
insert into CompletedCourses (StudentID, CourseID) values (29, 3);
insert into CompletedCourses (StudentID, CourseID) values (22, 6);
insert into CompletedCourses (StudentID, CourseID) values (25, 63);
insert into CompletedCourses (StudentID, CourseID) values (66, 76);
insert into CompletedCourses (StudentID, CourseID) values (78, 21);
insert into CompletedCourses (StudentID, CourseID) values (47, 26);
insert into CompletedCourses (StudentID, CourseID) values (27, 97);
insert into CompletedCourses (StudentID, CourseID) values (23, 24);
insert into CompletedCourses (StudentID, CourseID) values (25, 16);
insert into CompletedCourses (StudentID, CourseID) values (57, 96);
insert into CompletedCourses (StudentID, CourseID) values (75, 5);
insert into CompletedCourses (StudentID, CourseID) values (44, 41);
insert into CompletedCourses (StudentID, CourseID) values (85, 42);
insert into CompletedCourses (StudentID, CourseID) values (55, 47);
insert into CompletedCourses (StudentID, CourseID) values (66, 52);
insert into CompletedCourses (StudentID, CourseID) values (59, 83);
insert into CompletedCourses (StudentID, CourseID) values (81, 89);
insert into CompletedCourses (StudentID, CourseID) values (40, 44);
insert into CompletedCourses (StudentID, CourseID) values (77, 10);
insert into CompletedCourses (StudentID, CourseID) values (68, 6);
insert into CompletedCourses (StudentID, CourseID) values (42, 96);
insert into CompletedCourses (StudentID, CourseID) values (7, 29);
insert into CompletedCourses (StudentID, CourseID) values (82, 39);
insert into CompletedCourses (StudentID, CourseID) values (42, 60);
insert into CompletedCourses (StudentID, CourseID) values (38, 97);
insert into CompletedCourses (StudentID, CourseID) values (60, 47);
insert into CompletedCourses (StudentID, CourseID) values (77, 78);
insert into CompletedCourses (StudentID, CourseID) values (63, 84);
insert into CompletedCourses (StudentID, CourseID) values (4, 90);
insert into CompletedCourses (StudentID, CourseID) values (61, 4);
insert into CompletedCourses (StudentID, CourseID) values (53, 47);
insert into CompletedCourses (StudentID, CourseID) values (79, 77);
insert into CompletedCourses (StudentID, CourseID) values (34, 57);
insert into CompletedCourses (StudentID, CourseID) values (14, 43);
insert into CompletedCourses (StudentID, CourseID) values (87, 20);
insert into CompletedCourses (StudentID, CourseID) values (74, 58);
insert into CompletedCourses (StudentID, CourseID) values (30, 57);
insert into CompletedCourses (StudentID, CourseID) values (26, 43);
insert into CompletedCourses (StudentID, CourseID) values (91, 29);
insert into CompletedCourses (StudentID, CourseID) values (9, 99);
insert into CompletedCourses (StudentID, CourseID) values (43, 14);
insert into CompletedCourses (StudentID, CourseID) values (42, 68);
insert into CompletedCourses (StudentID, CourseID) values (77, 32);
insert into CompletedCourses (StudentID, CourseID) values (25, 15);
insert into CompletedCourses (StudentID, CourseID) values (97, 92);
insert into CompletedCourses (StudentID, CourseID) values (27, 84);
insert into CompletedCourses (StudentID, CourseID) values (58, 94);
insert into CompletedCourses (StudentID, CourseID) values (55, 21);
insert into CompletedCourses (StudentID, CourseID) values (53, 59);
insert into CompletedCourses (StudentID, CourseID) values (75, 20);
insert into CompletedCourses (StudentID, CourseID) values (96, 76);
insert into CompletedCourses (StudentID, CourseID) values (71, 56);
insert into CompletedCourses (StudentID, CourseID) values (49, 37);
insert into CompletedCourses (StudentID, CourseID) values (12, 87);
insert into CompletedCourses (StudentID, CourseID) values (58, 68);
insert into CompletedCourses (StudentID, CourseID) values (92, 77);
insert into CompletedCourses (StudentID, CourseID) values (10, 65);
insert into CompletedCourses (StudentID, CourseID) values (42, 18);
insert into CompletedCourses (StudentID, CourseID) values (7, 44);
insert into CompletedCourses (StudentID, CourseID) values (77, 79);
insert into CompletedCourses (StudentID, CourseID) values (72, 96);
insert into CompletedCourses (StudentID, CourseID) values (4, 99);
insert into CompletedCourses (StudentID, CourseID) values (37, 57);
insert into CompletedCourses (StudentID, CourseID) values (32, 73);
insert into CompletedCourses (StudentID, CourseID) values (65, 6);
insert into CompletedCourses (StudentID, CourseID) values (15, 41);
insert into CompletedCourses (StudentID, CourseID) values (73, 33);
insert into CompletedCourses (StudentID, CourseID) values (7, 16);
insert into CompletedCourses (StudentID, CourseID) values (55, 63);
insert into CompletedCourses (StudentID, CourseID) values (6, 52);
insert into CompletedCourses (StudentID, CourseID) values (1, 53);
insert into CompletedCourses (StudentID, CourseID) values (23, 59);
insert into CompletedCourses (StudentID, CourseID) values (43, 37);
insert into CompletedCourses (StudentID, CourseID) values (46, 20);
insert into CompletedCourses (StudentID, CourseID) values (92, 14);
insert into CompletedCourses (StudentID, CourseID) values (92, 49);
insert into CompletedCourses (StudentID, CourseID) values (88, 64);
insert into CompletedCourses (StudentID, CourseID) values (97, 29);
insert into CompletedCourses (StudentID, CourseID) values (20, 68);
insert into CompletedCourses (StudentID, CourseID) values (87, 58);
insert into CompletedCourses (StudentID, CourseID) values (33, 2);
insert into CompletedCourses (StudentID, CourseID) values (5, 31);
insert into CompletedCourses (StudentID, CourseID) values (42, 35);
insert into CompletedCourses (StudentID, CourseID) values (41, 37);
insert into CompletedCourses (StudentID, CourseID) values (72, 82);
insert into CompletedCourses (StudentID, CourseID) values (18, 31);
insert into CompletedCourses (StudentID, CourseID) values (3, 96);
insert into CompletedCourses (StudentID, CourseID) values (36, 92);
insert into CompletedCourses (StudentID, CourseID) values (49, 33);
insert into CompletedCourses (StudentID, CourseID) values (22, 56);
insert into CompletedCourses (StudentID, CourseID) values (59, 80);
insert into CompletedCourses (StudentID, CourseID) values (92, 54);
insert into CompletedCourses (StudentID, CourseID) values (33, 40);
insert into CompletedCourses (StudentID, CourseID) values (89, 100);
insert into CompletedCourses (StudentID, CourseID) values (58, 49);
insert into CompletedCourses (StudentID, CourseID) values (49, 72);
insert into CompletedCourses (StudentID, CourseID) values (64, 2);
insert into CompletedCourses (StudentID, CourseID) values (75, 27);
insert into CompletedCourses (StudentID, CourseID) values (20, 7);
insert into CompletedCourses (StudentID, CourseID) values (12, 22);
insert into CompletedCourses (StudentID, CourseID) values (95, 26);
insert into CompletedCourses (StudentID, CourseID) values (78, 89);
insert into CompletedCourses (StudentID, CourseID) values (87, 9);
insert into CompletedCourses (StudentID, CourseID) values (82, 45);
insert into CompletedCourses (StudentID, CourseID) values (86, 6);
insert into CompletedCourses (StudentID, CourseID) values (79, 16);
insert into CompletedCourses (StudentID, CourseID) values (38, 18);
insert into CompletedCourses (StudentID, CourseID) values (5, 16);
insert into CompletedCourses (StudentID, CourseID) values (67, 47);
insert into CompletedCourses (StudentID, CourseID) values (97, 26);
insert into CompletedCourses (StudentID, CourseID) values (18, 46);
insert into CompletedCourses (StudentID, CourseID) values (60, 37);
insert into CompletedCourses (StudentID, CourseID) values (83, 38);
insert into CompletedCourses (StudentID, CourseID) values (82, 33);
insert into CompletedCourses (StudentID, CourseID) values (44, 88);
insert into CompletedCourses (StudentID, CourseID) values (73, 16);
insert into CompletedCourses (StudentID, CourseID) values (24, 80);
insert into CompletedCourses (StudentID, CourseID) values (87, 56);
insert into CompletedCourses (StudentID, CourseID) values (83, 3);
insert into CompletedCourses (StudentID, CourseID) values (51, 9);
insert into CompletedCourses (StudentID, CourseID) values (57, 43);
insert into CompletedCourses (StudentID, CourseID) values (73, 49);
insert into CompletedCourses (StudentID, CourseID) values (69, 77);
insert into CompletedCourses (StudentID, CourseID) values (84, 53);
insert into CompletedCourses (StudentID, CourseID) values (41, 22);
insert into CompletedCourses (StudentID, CourseID) values (83, 42);
insert into CompletedCourses (StudentID, CourseID) values (72, 52);
insert into CompletedCourses (StudentID, CourseID) values (89, 68);
insert into CompletedCourses (StudentID, CourseID) values (1, 17);
insert into CompletedCourses (StudentID, CourseID) values (1, 35);
insert into CompletedCourses (StudentID, CourseID) values (13, 20);
insert into CompletedCourses (StudentID, CourseID) values (82, 23);
insert into CompletedCourses (StudentID, CourseID) values (25, 1);
insert into CompletedCourses (StudentID, CourseID) values (57, 85);
insert into CompletedCourses (StudentID, CourseID) values (9, 32);
insert into CompletedCourses (StudentID, CourseID) values (49, 98);
insert into CompletedCourses (StudentID, CourseID) values (70, 59);
insert into CompletedCourses (StudentID, CourseID) values (4, 61);
insert into CompletedCourses (StudentID, CourseID) values (68, 80);
insert into CompletedCourses (StudentID, CourseID) values (42, 48);
insert into CompletedCourses (StudentID, CourseID) values (48, 31);



insert into ProgramCourses (CourseID, ProgramID) values (93, 70);
insert into ProgramCourses (CourseID, ProgramID) values (87, 73);
insert into ProgramCourses (CourseID, ProgramID) values (91, 54);
insert into ProgramCourses (CourseID, ProgramID) values (4, 19);
insert into ProgramCourses (CourseID, ProgramID) values (75, 80);
insert into ProgramCourses (CourseID, ProgramID) values (89, 72);
insert into ProgramCourses (CourseID, ProgramID) values (91, 55);
insert into ProgramCourses (CourseID, ProgramID) values (57, 36);
insert into ProgramCourses (CourseID, ProgramID) values (90, 98);
insert into ProgramCourses (CourseID, ProgramID) values (59, 62);
insert into ProgramCourses (CourseID, ProgramID) values (95, 6);
insert into ProgramCourses (CourseID, ProgramID) values (56, 45);
insert into ProgramCourses (CourseID, ProgramID) values (3, 57);
insert into ProgramCourses (CourseID, ProgramID) values (29, 12);
insert into ProgramCourses (CourseID, ProgramID) values (34, 92);
insert into ProgramCourses (CourseID, ProgramID) values (37, 2);
insert into ProgramCourses (CourseID, ProgramID) values (73, 46);
insert into ProgramCourses (CourseID, ProgramID) values (23, 54);
insert into ProgramCourses (CourseID, ProgramID) values (13, 40);
insert into ProgramCourses (CourseID, ProgramID) values (1, 49);
insert into ProgramCourses (CourseID, ProgramID) values (56, 5);
insert into ProgramCourses (CourseID, ProgramID) values (24, 73);
insert into ProgramCourses (CourseID, ProgramID) values (78, 81);
insert into ProgramCourses (CourseID, ProgramID) values (86, 66);
insert into ProgramCourses (CourseID, ProgramID) values (78, 40);
insert into ProgramCourses (CourseID, ProgramID) values (67, 71);
insert into ProgramCourses (CourseID, ProgramID) values (20, 48);
insert into ProgramCourses (CourseID, ProgramID) values (58, 79);
insert into ProgramCourses (CourseID, ProgramID) values (12, 99);
insert into ProgramCourses (CourseID, ProgramID) values (69, 81);
insert into ProgramCourses (CourseID, ProgramID) values (45, 39);
insert into ProgramCourses (CourseID, ProgramID) values (44, 54);
insert into ProgramCourses (CourseID, ProgramID) values (63, 20);
insert into ProgramCourses (CourseID, ProgramID) values (50, 81);
insert into ProgramCourses (CourseID, ProgramID) values (81, 17);
insert into ProgramCourses (CourseID, ProgramID) values (1, 16);
insert into ProgramCourses (CourseID, ProgramID) values (54, 91);
insert into ProgramCourses (CourseID, ProgramID) values (67, 72);
insert into ProgramCourses (CourseID, ProgramID) values (21, 82);
insert into ProgramCourses (CourseID, ProgramID) values (83, 39);
insert into ProgramCourses (CourseID, ProgramID) values (75, 73);
insert into ProgramCourses (CourseID, ProgramID) values (62, 22);
insert into ProgramCourses (CourseID, ProgramID) values (59, 5);
insert into ProgramCourses (CourseID, ProgramID) values (64, 5);
insert into ProgramCourses (CourseID, ProgramID) values (38, 32);
insert into ProgramCourses (CourseID, ProgramID) values (66, 66);
insert into ProgramCourses (CourseID, ProgramID) values (95, 68);
insert into ProgramCourses (CourseID, ProgramID) values (2, 28);
insert into ProgramCourses (CourseID, ProgramID) values (12, 86);
insert into ProgramCourses (CourseID, ProgramID) values (85, 40);
insert into ProgramCourses (CourseID, ProgramID) values (43, 26);
insert into ProgramCourses (CourseID, ProgramID) values (18, 78);
insert into ProgramCourses (CourseID, ProgramID) values (14, 66);
insert into ProgramCourses (CourseID, ProgramID) values (19, 88);
insert into ProgramCourses (CourseID, ProgramID) values (34, 25);
insert into ProgramCourses (CourseID, ProgramID) values (95, 8);

insert into ProgramCourses (CourseID, ProgramID) values (83, 32);
insert into ProgramCourses (CourseID, ProgramID) values (83, 93);
insert into ProgramCourses (CourseID, ProgramID) values (53, 66);
insert into ProgramCourses (CourseID, ProgramID) values (14, 11);
insert into ProgramCourses (CourseID, ProgramID) values (88, 73);
insert into ProgramCourses (CourseID, ProgramID) values (85, 56);
insert into ProgramCourses (CourseID, ProgramID) values (75, 3);
insert into ProgramCourses (CourseID, ProgramID) values (51, 25);
insert into ProgramCourses (CourseID, ProgramID) values (7, 6);
insert into ProgramCourses (CourseID, ProgramID) values (72, 7);
insert into ProgramCourses (CourseID, ProgramID) values (73, 36);
insert into ProgramCourses (CourseID, ProgramID) values (83, 82);
insert into ProgramCourses (CourseID, ProgramID) values (12, 70);
insert into ProgramCourses (CourseID, ProgramID) values (94, 2);
insert into ProgramCourses (CourseID, ProgramID) values (30, 26);
insert into ProgramCourses (CourseID, ProgramID) values (99, 4);
insert into ProgramCourses (CourseID, ProgramID) values (68, 28);
insert into ProgramCourses (CourseID, ProgramID) values (81, 54);
insert into ProgramCourses (CourseID, ProgramID) values (92, 80);
insert into ProgramCourses (CourseID, ProgramID) values (40, 42);
insert into ProgramCourses (CourseID, ProgramID) values (64, 91);
insert into ProgramCourses (CourseID, ProgramID) values (75, 40);
insert into ProgramCourses (CourseID, ProgramID) values (78, 98);
insert into ProgramCourses (CourseID, ProgramID) values (87, 63);
insert into ProgramCourses (CourseID, ProgramID) values (32, 20);
insert into ProgramCourses (CourseID, ProgramID) values (62, 69);
insert into ProgramCourses (CourseID, ProgramID) values (76, 59);
insert into ProgramCourses (CourseID, ProgramID) values (89, 15);

insert into ProgramCourses (CourseID, ProgramID) values (73, 61);
insert into ProgramCourses (CourseID, ProgramID) values (8, 100);
insert into ProgramCourses (CourseID, ProgramID) values (51, 66);
insert into ProgramCourses (CourseID, ProgramID) values (72, 69);
insert into ProgramCourses (CourseID, ProgramID) values (8, 79);
insert into ProgramCourses (CourseID, ProgramID) values (60, 80);
insert into ProgramCourses (CourseID, ProgramID) values (25, 54);
insert into ProgramCourses (CourseID, ProgramID) values (59, 30);
insert into ProgramCourses (CourseID, ProgramID) values (80, 35);
insert into ProgramCourses (CourseID, ProgramID) values (45, 63);
insert into ProgramCourses (CourseID, ProgramID) values (63, 37);
insert into ProgramCourses (CourseID, ProgramID) values (30, 87);
insert into ProgramCourses (CourseID, ProgramID) values (75, 22);
insert into ProgramCourses (CourseID, ProgramID) values (68, 46);
insert into ProgramCourses (CourseID, ProgramID) values (26, 31);
insert into ProgramCourses (CourseID, ProgramID) values (93, 33);
insert into ProgramCourses (CourseID, ProgramID) values (71, 66);
insert into ProgramCourses (CourseID, ProgramID) values (20, 66);
insert into ProgramCourses (CourseID, ProgramID) values (44, 52);
insert into ProgramCourses (CourseID, ProgramID) values (60, 12);
insert into ProgramCourses (CourseID, ProgramID) values (77, 77);
insert into ProgramCourses (CourseID, ProgramID) values (63, 97);
insert into ProgramCourses (CourseID, ProgramID) values (60, 58);
insert into ProgramCourses (CourseID, ProgramID) values (9, 4);
insert into ProgramCourses (CourseID, ProgramID) values (71, 70);
insert into ProgramCourses (CourseID, ProgramID) values (16, 5);
insert into ProgramCourses (CourseID, ProgramID) values (68, 53);
insert into ProgramCourses (CourseID, ProgramID) values (38, 7);
insert into ProgramCourses (CourseID, ProgramID) values (64, 45);
insert into ProgramCourses (CourseID, ProgramID) values (100, 50);
insert into ProgramCourses (CourseID, ProgramID) values (84, 60);
insert into ProgramCourses (CourseID, ProgramID) values (58, 30);
insert into ProgramCourses (CourseID, ProgramID) values (55, 30);
insert into ProgramCourses (CourseID, ProgramID) values (43, 93);
insert into ProgramCourses (CourseID, ProgramID) values (4, 71);
insert into ProgramCourses (CourseID, ProgramID) values (23, 57);
insert into ProgramCourses (CourseID, ProgramID) values (45, 82);
insert into ProgramCourses (CourseID, ProgramID) values (40, 2);
insert into ProgramCourses (CourseID, ProgramID) values (84, 13);
insert into ProgramCourses (CourseID, ProgramID) values (40, 18);
insert into ProgramCourses (CourseID, ProgramID) values (39, 95);
insert into ProgramCourses (CourseID, ProgramID) values (4, 1);
insert into ProgramCourses (CourseID, ProgramID) values (52, 90);
insert into ProgramCourses (CourseID, ProgramID) values (54, 32);
insert into ProgramCourses (CourseID, ProgramID) values (85, 38);
insert into ProgramCourses (CourseID, ProgramID) values (42, 95);
insert into ProgramCourses (CourseID, ProgramID) values (80, 47);
insert into ProgramCourses (CourseID, ProgramID) values (67, 20);
insert into ProgramCourses (CourseID, ProgramID) values (71, 76);
insert into ProgramCourses (CourseID, ProgramID) values (62, 57);
insert into ProgramCourses (CourseID, ProgramID) values (98, 60);
insert into ProgramCourses (CourseID, ProgramID) values (17, 51);
insert into ProgramCourses (CourseID, ProgramID) values (10, 58);
insert into ProgramCourses (CourseID, ProgramID) values (59, 74);
insert into ProgramCourses (CourseID, ProgramID) values (21, 80);
insert into ProgramCourses (CourseID, ProgramID) values (33, 61);
insert into ProgramCourses (CourseID, ProgramID) values (66, 27);
insert into ProgramCourses (CourseID, ProgramID) values (53, 47);
insert into ProgramCourses (CourseID, ProgramID) values (89, 7);
insert into ProgramCourses (CourseID, ProgramID) values (66, 65);
insert into ProgramCourses (CourseID, ProgramID) values (47, 23);
insert into ProgramCourses (CourseID, ProgramID) values (56, 49);
insert into ProgramCourses (CourseID, ProgramID) values (86, 50);
insert into ProgramCourses (CourseID, ProgramID) values (80, 49);
insert into ProgramCourses (CourseID, ProgramID) values (67, 68);
insert into ProgramCourses (CourseID, ProgramID) values (35, 95);
insert into ProgramCourses (CourseID, ProgramID) values (72, 37);
insert into ProgramCourses (CourseID, ProgramID) values (21, 48);
insert into ProgramCourses (CourseID, ProgramID) values (28, 74);
insert into ProgramCourses (CourseID, ProgramID) values (49, 62);
insert into ProgramCourses (CourseID, ProgramID) values (86, 91);
insert into ProgramCourses (CourseID, ProgramID) values (51, 74);
insert into ProgramCourses (CourseID, ProgramID) values (17, 14);
insert into ProgramCourses (CourseID, ProgramID) values (31, 57);
insert into ProgramCourses (CourseID, ProgramID) values (47, 65);
insert into ProgramCourses (CourseID, ProgramID) values (70, 29);
insert into ProgramCourses (CourseID, ProgramID) values (44, 46);
insert into ProgramCourses (CourseID, ProgramID) values (97, 42);
insert into ProgramCourses (CourseID, ProgramID) values (40, 41);
insert into ProgramCourses (CourseID, ProgramID) values (30, 14);
insert into ProgramCourses (CourseID, ProgramID) values (34, 58);
insert into ProgramCourses (CourseID, ProgramID) values (96, 80);
insert into ProgramCourses (CourseID, ProgramID) values (57, 85);
insert into ProgramCourses (CourseID, ProgramID) values (81, 73);
insert into ProgramCourses (CourseID, ProgramID) values (50, 62);
insert into ProgramCourses (CourseID, ProgramID) values (66, 14);
insert into ProgramCourses (CourseID, ProgramID) values (4, 86);
insert into ProgramCourses (CourseID, ProgramID) values (3, 18);
insert into ProgramCourses (CourseID, ProgramID) values (25, 69);
insert into ProgramCourses (CourseID, ProgramID) values (40, 89);
insert into ProgramCourses (CourseID, ProgramID) values (44, 67);
insert into ProgramCourses (CourseID, ProgramID) values (21, 97);
insert into ProgramCourses (CourseID, ProgramID) values (74, 17);
insert into ProgramCourses (CourseID, ProgramID) values (93, 97);
insert into ProgramCourses (CourseID, ProgramID) values (4, 92);
insert into ProgramCourses (CourseID, ProgramID) values (86, 39);
insert into ProgramCourses (CourseID, ProgramID) values (73, 71);
insert into ProgramCourses (CourseID, ProgramID) values (49, 81);
insert into ProgramCourses (CourseID, ProgramID) values (70, 13);
insert into ProgramCourses (CourseID, ProgramID) values (56, 19);
insert into ProgramCourses (CourseID, ProgramID) values (28, 65);
insert into ProgramCourses (CourseID, ProgramID) values (68, 5);
insert into ProgramCourses (CourseID, ProgramID) values (43, 13);
insert into ProgramCourses (CourseID, ProgramID) values (79, 34);
insert into ProgramCourses (CourseID, ProgramID) values (35, 73);
insert into ProgramCourses (CourseID, ProgramID) values (25, 58);
insert into ProgramCourses (CourseID, ProgramID) values (82, 1);
insert into ProgramCourses (CourseID, ProgramID) values (79, 13);
insert into ProgramCourses (CourseID, ProgramID) values (32, 65);
insert into ProgramCourses (CourseID, ProgramID) values (81, 96);
insert into ProgramCourses (CourseID, ProgramID) values (27, 15);
insert into ProgramCourses (CourseID, ProgramID) values (38, 4);
insert into ProgramCourses (CourseID, ProgramID) values (15, 47);
insert into ProgramCourses (CourseID, ProgramID) values (42, 94);





insert into Category (CategoryID, CategoryDescription) values (1, 'condimentum neque');
insert into Category (CategoryID, CategoryDescription) values (2, 'velit');
insert into Category (CategoryID, CategoryDescription) values (3, 'nulla eget eros');
insert into Category (CategoryID, CategoryDescription) values (4, 'eget rutrum');
insert into Category (CategoryID, CategoryDescription) values (5, 'nulla');
insert into Category (CategoryID, CategoryDescription) values (6, 'cum sociis natoque');
insert into Category (CategoryID, CategoryDescription) values (7, 'cubilia curae duis');
insert into Category (CategoryID, CategoryDescription) values (8, 'risus praesent');
insert into Category (CategoryID, CategoryDescription) values (9, 'ac neque duis');
insert into Category (CategoryID, CategoryDescription) values (10, 'augue a');
insert into Category (CategoryID, CategoryDescription) values (11, 'sit amet sem');
insert into Category (CategoryID, CategoryDescription) values (12, 'in');
insert into Category (CategoryID, CategoryDescription) values (13, 'tempus');
insert into Category (CategoryID, CategoryDescription) values (14, 'magna');
insert into Category (CategoryID, CategoryDescription) values (15, 'nec condimentum');
insert into Category (CategoryID, CategoryDescription) values (16, 'ante');
insert into Category (CategoryID, CategoryDescription) values (17, 'lacus purus');
insert into Category (CategoryID, CategoryDescription) values (18, 'leo pellentesque');
insert into Category (CategoryID, CategoryDescription) values (19, 'tristique');
insert into Category (CategoryID, CategoryDescription) values (20, 'proin risus praesent');
insert into Category (CategoryID, CategoryDescription) values (21, 'at ipsum ac');
insert into Category (CategoryID, CategoryDescription) values (22, 'convallis morbi odio');
insert into Category (CategoryID, CategoryDescription) values (23, 'a suscipit nulla');
insert into Category (CategoryID, CategoryDescription) values (24, 'ut');
insert into Category (CategoryID, CategoryDescription) values (25, 'hac habitasse platea');




insert into ProgramCategory (CategoryID, ProgramID) values (14, 57);
insert into ProgramCategory (CategoryID, ProgramID) values (4, 68);
insert into ProgramCategory (CategoryID, ProgramID) values (4, 53);
insert into ProgramCategory (CategoryID, ProgramID) values (21, 11);
insert into ProgramCategory (CategoryID, ProgramID) values (20, 60);
insert into ProgramCategory (CategoryID, ProgramID) values (25, 25);
insert into ProgramCategory (CategoryID, ProgramID) values (17, 71);
insert into ProgramCategory (CategoryID, ProgramID) values (14, 76);
insert into ProgramCategory (CategoryID, ProgramID) values (23, 26);
insert into ProgramCategory (CategoryID, ProgramID) values (24, 60);
insert into ProgramCategory (CategoryID, ProgramID) values (25, 95);
insert into ProgramCategory (CategoryID, ProgramID) values (9, 48);
insert into ProgramCategory (CategoryID, ProgramID) values (1, 4);
insert into ProgramCategory (CategoryID, ProgramID) values (15, 90);
insert into ProgramCategory (CategoryID, ProgramID) values (9, 55);
insert into ProgramCategory (CategoryID, ProgramID) values (3, 89);
insert into ProgramCategory (CategoryID, ProgramID) values (5, 63);
insert into ProgramCategory (CategoryID, ProgramID) values (19, 1);
insert into ProgramCategory (CategoryID, ProgramID) values (3, 64);
insert into ProgramCategory (CategoryID, ProgramID) values (2, 43);
insert into ProgramCategory (CategoryID, ProgramID) values (8, 21);
insert into ProgramCategory (CategoryID, ProgramID) values (2, 100);
insert into ProgramCategory (CategoryID, ProgramID) values (16, 50);
insert into ProgramCategory (CategoryID, ProgramID) values (1, 33);
insert into ProgramCategory (CategoryID, ProgramID) values (5, 95);
insert into ProgramCategory (CategoryID, ProgramID) values (22, 9);
insert into ProgramCategory (CategoryID, ProgramID) values (21, 16);
insert into ProgramCategory (CategoryID, ProgramID) values (2, 97);
insert into ProgramCategory (CategoryID, ProgramID) values (1, 90);
insert into ProgramCategory (CategoryID, ProgramID) values (17, 85);
insert into ProgramCategory (CategoryID, ProgramID) values (10, 22);
insert into ProgramCategory (CategoryID, ProgramID) values (9, 6);
insert into ProgramCategory (CategoryID, ProgramID) values (18, 91);
insert into ProgramCategory (CategoryID, ProgramID) values (17, 2);
insert into ProgramCategory (CategoryID, ProgramID) values (8, 91);
insert into ProgramCategory (CategoryID, ProgramID) values (21, 44);
insert into ProgramCategory (CategoryID, ProgramID) values (25, 65);
insert into ProgramCategory (CategoryID, ProgramID) values (1, 26);
insert into ProgramCategory (CategoryID, ProgramID) values (11, 60);
insert into ProgramCategory (CategoryID, ProgramID) values (25, 92);
insert into ProgramCategory (CategoryID, ProgramID) values (12, 24);
insert into ProgramCategory (CategoryID, ProgramID) values (8, 38);
insert into ProgramCategory (CategoryID, ProgramID) values (1, 49);
insert into ProgramCategory (CategoryID, ProgramID) values (2, 11);
insert into ProgramCategory (CategoryID, ProgramID) values (13, 46);
insert into ProgramCategory (CategoryID, ProgramID) values (5, 82);
insert into ProgramCategory (CategoryID, ProgramID) values (8, 16);
insert into ProgramCategory (CategoryID, ProgramID) values (18, 38);
insert into ProgramCategory (CategoryID, ProgramID) values (9, 51);
insert into ProgramCategory (CategoryID, ProgramID) values (14, 97);
insert into ProgramCategory (CategoryID, ProgramID) values (12, 40);
insert into ProgramCategory (CategoryID, ProgramID) values (1, 74);
insert into ProgramCategory (CategoryID, ProgramID) values (25, 7);
insert into ProgramCategory (CategoryID, ProgramID) values (2, 4);
insert into ProgramCategory (CategoryID, ProgramID) values (11, 79);
insert into ProgramCategory (CategoryID, ProgramID) values (16, 2);
insert into ProgramCategory (CategoryID, ProgramID) values (18, 55);
insert into ProgramCategory (CategoryID, ProgramID) values (5, 65);
insert into ProgramCategory (CategoryID, ProgramID) values (14, 85);
insert into ProgramCategory (CategoryID, ProgramID) values (4, 1);

insert into ProgramCategory (CategoryID, ProgramID) values (7, 34);
insert into ProgramCategory (CategoryID, ProgramID) values (7, 37);
insert into ProgramCategory (CategoryID, ProgramID) values (22, 5);
insert into ProgramCategory (CategoryID, ProgramID) values (3, 15);
insert into ProgramCategory (CategoryID, ProgramID) values (6, 18);
insert into ProgramCategory (CategoryID, ProgramID) values (23, 99);

insert into ProgramCategory (CategoryID, ProgramID) values (12, 33);
insert into ProgramCategory (CategoryID, ProgramID) values (12, 75);
insert into ProgramCategory (CategoryID, ProgramID) values (24, 99);
insert into ProgramCategory (CategoryID, ProgramID) values (21, 52);
insert into ProgramCategory (CategoryID, ProgramID) values (7, 5);
insert into ProgramCategory (CategoryID, ProgramID) values (23, 9);
insert into ProgramCategory (CategoryID, ProgramID) values (4, 76);
insert into ProgramCategory (CategoryID, ProgramID) values (4, 15);
insert into ProgramCategory (CategoryID, ProgramID) values (9, 9);
insert into ProgramCategory (CategoryID, ProgramID) values (5, 49);
insert into ProgramCategory (CategoryID, ProgramID) values (4, 3);
insert into ProgramCategory (CategoryID, ProgramID) values (9, 47);
insert into ProgramCategory (CategoryID, ProgramID) values (16, 66);
insert into ProgramCategory (CategoryID, ProgramID) values (7, 25);
insert into ProgramCategory (CategoryID, ProgramID) values (14, 82);
insert into ProgramCategory (CategoryID, ProgramID) values (25, 49);
insert into ProgramCategory (CategoryID, ProgramID) values (12, 4);
insert into ProgramCategory (CategoryID, ProgramID) values (16, 30);
insert into ProgramCategory (CategoryID, ProgramID) values (15, 3);
insert into ProgramCategory (CategoryID, ProgramID) values (19, 62);
insert into ProgramCategory (CategoryID, ProgramID) values (15, 48);
insert into ProgramCategory (CategoryID, ProgramID) values (12, 81);
insert into ProgramCategory (CategoryID, ProgramID) values (15, 19);
insert into ProgramCategory (CategoryID, ProgramID) values (18, 83);
insert into ProgramCategory (CategoryID, ProgramID) values (22, 12);
insert into ProgramCategory (CategoryID, ProgramID) values (25, 57);
insert into ProgramCategory (CategoryID, ProgramID) values (4, 69);
insert into ProgramCategory (CategoryID, ProgramID) values (13, 88);
insert into ProgramCategory (CategoryID, ProgramID) values (2, 92);
insert into ProgramCategory (CategoryID, ProgramID) values (2, 95);
insert into ProgramCategory (CategoryID, ProgramID) values (8, 54);
insert into ProgramCategory (CategoryID, ProgramID) values (6, 48);
insert into ProgramCategory (CategoryID, ProgramID) values (1, 12);
insert into ProgramCategory (CategoryID, ProgramID) values (25, 30);
insert into ProgramCategory (CategoryID, ProgramID) values (10, 61);
insert into ProgramCategory (CategoryID, ProgramID) values (14, 3);
insert into ProgramCategory (CategoryID, ProgramID) values (5, 80);
insert into ProgramCategory (CategoryID, ProgramID) values (9, 58);
insert into ProgramCategory (CategoryID, ProgramID) values (6, 69);
insert into ProgramCategory (CategoryID, ProgramID) values (10, 82);
insert into ProgramCategory (CategoryID, ProgramID) values (17, 70);
insert into ProgramCategory (CategoryID, ProgramID) values (20, 8);
insert into ProgramCategory (CategoryID, ProgramID) values (22, 19);
insert into ProgramCategory (CategoryID, ProgramID) values (3, 10);
insert into ProgramCategory (CategoryID, ProgramID) values (12, 19);
insert into ProgramCategory (CategoryID, ProgramID) values (15, 62);
insert into ProgramCategory (CategoryID, ProgramID) values (11, 93);
insert into ProgramCategory (CategoryID, ProgramID) values (8, 87);
insert into ProgramCategory (CategoryID, ProgramID) values (15, 12);
insert into ProgramCategory (CategoryID, ProgramID) values (25, 33);
insert into ProgramCategory (CategoryID, ProgramID) values (20, 34);
insert into ProgramCategory (CategoryID, ProgramID) values (24, 68);
insert into ProgramCategory (CategoryID, ProgramID) values (25, 10);
insert into ProgramCategory (CategoryID, ProgramID) values (5, 57);
insert into ProgramCategory (CategoryID, ProgramID) values (3, 1);
insert into ProgramCategory (CategoryID, ProgramID) values (18, 8);
insert into ProgramCategory (CategoryID, ProgramID) values (22, 4);
insert into ProgramCategory (CategoryID, ProgramID) values (6, 54);
insert into ProgramCategory (CategoryID, ProgramID) values (13, 14);
insert into ProgramCategory (CategoryID, ProgramID) values (11, 72);
insert into ProgramCategory (CategoryID, ProgramID) values (7, 74);
insert into ProgramCategory (CategoryID, ProgramID) values (4, 2);



insert into Staff (StaffID, StaffEmail, EmployeeID, Password) values (1, 'emontgomery0@si.edu', 67776, 'ag6mAvRVgc');
insert into Staff (StaffID, StaffEmail, EmployeeID, Password) values (2, 'wrobertson1@nhs.uk', 36486, 'N4FO56d5z');
insert into Staff (StaffID, StaffEmail, EmployeeID, Password) values (3, 'amurphy2@craigslist.org', 90639, 'K2rO89y');
insert into Staff (StaffID, StaffEmail, EmployeeID, Password) values (4, 'areyes3@unicef.org', 30842, '757mSaezHR');
insert into Staff (StaffID, StaffEmail, EmployeeID, Password) values (5, 'malvarez4@squarespace.com', 68152, 'VxXRqobXuHD');
insert into Staff (StaffID, StaffEmail, EmployeeID, Password) values (6, 'freynolds5@answers.com', 31355, 'kQuLnQ0Neb');
insert into Staff (StaffID, StaffEmail, EmployeeID, Password) values (7, 'jhernandez6@wisc.edu', 53915, 'JC4AMn');
insert into Staff (StaffID, StaffEmail, EmployeeID, Password) values (8, 'mriley7@a8.net', 90685, 'yyErWP');
insert into Staff (StaffID, StaffEmail, EmployeeID, Password) values (9, 'shart8@ifeng.com', 52078, 'S8JFwf');
insert into Staff (StaffID, StaffEmail, EmployeeID, Password) values (10, 'alane9@parallels.com', 98434, 'wKhYeiIYru');
insert into Staff (StaffID, StaffEmail, EmployeeID, Password) values (11, 'srosea@home.pl', 50191, '5FSW8oeWK');
insert into Staff (StaffID, StaffEmail, EmployeeID, Password) values (12, 'egarzab@ted.com', 47740, 'q730pxQ3P');
insert into Staff (StaffID, StaffEmail, EmployeeID, Password) values (13, 'tdanielsc@nature.com', 88779, 'PFHK3mFqXp');
insert into Staff (StaffID, StaffEmail, EmployeeID, Password) values (14, 'rrichardsond@cyberchimps.com', 45766, 'FNM1u2uxzLYZ');
insert into Staff (StaffID, StaffEmail, EmployeeID, Password) values (15, 'vhernandeze@prweb.com', 44998, 'X51KQXST4AJ');
insert into Staff (StaffID, StaffEmail, EmployeeID, Password) values (16, 'khartf@wikimedia.org', 63792, 'Ki70t0');
insert into Staff (StaffID, StaffEmail, EmployeeID, Password) values (17, 'jlaneg@msn.com', 64845, 'oQuM6Ra6o6');
insert into Staff (StaffID, StaffEmail, EmployeeID, Password) values (18, 'brussellh@domainmarket.com', 62796, 'UaDOEX2qHDZ');
insert into Staff (StaffID, StaffEmail, EmployeeID, Password) values (19, 'bharti@miibeian.gov.cn', 54230, 'zPeTN2tby');
insert into Staff (StaffID, StaffEmail, EmployeeID, Password) values (20, 'arodriguezj@rakuten.co.jp', 10925, 'PkA4LbKz');
insert into Staff (StaffID, StaffEmail, EmployeeID, Password) values (21, 'jbaileyk@instagram.com', 40867, 'pC3bmx3');
insert into Staff (StaffID, StaffEmail, EmployeeID, Password) values (22, 'tporterl@umn.edu', 66740, 'Y4srYgjOG7a');
insert into Staff (StaffID, StaffEmail, EmployeeID, Password) values (23, 'fgarrettm@1und1.de', 50072, 'YTLMra4yK');
insert into Staff (StaffID, StaffEmail, EmployeeID, Password) values (24, 'bwrightn@java.com', 15994, 'C0Zj38jW');
insert into Staff (StaffID, StaffEmail, EmployeeID, Password) values (25, 'ahickso@w3.org', 28240, 'T0paj7w');
insert into Staff (StaffID, StaffEmail, EmployeeID, Password) values (26, 'jrossp@moonfruit.com', 45848, 'SGIQz4');
insert into Staff (StaffID, StaffEmail, EmployeeID, Password) values (27, 'abennettq@behance.net', 87879, 'I2KrHmOF');
insert into Staff (StaffID, StaffEmail, EmployeeID, Password) values (28, 'vmurrayr@yahoo.com', 90174, 'egQeP8Txar4');
insert into Staff (StaffID, StaffEmail, EmployeeID, Password) values (29, 'twagners@mail.ru', 75435, '69RrcRt');
insert into Staff (StaffID, StaffEmail, EmployeeID, Password) values (30, 'ssimst@goo.ne.jp', 17455, 'iZNlnWkfz7A');
insert into Staff (StaffID, StaffEmail, EmployeeID, Password) values (31, 'jhillu@virginia.edu', 75814, 'jnKpaYFIzGVd');
insert into Staff (StaffID, StaffEmail, EmployeeID, Password) values (32, 'khudsonv@so-net.ne.jp', 34527, 'oXUESVHqp');
insert into Staff (StaffID, StaffEmail, EmployeeID, Password) values (33, 'wfosterw@dion.ne.jp', 24303, 'DKOCHar0FLeX');
insert into Staff (StaffID, StaffEmail, EmployeeID, Password) values (34, 'aedwardsx@cbslocal.com', 97700, 'DCRfORflt8');
insert into Staff (StaffID, StaffEmail, EmployeeID, Password) values (35, 'rmasony@theatlantic.com', 80854, 'uwYGdS48sgfH');
insert into Staff (StaffID, StaffEmail, EmployeeID, Password) values (36, 'jbarnesz@github.com', 17821, 'Gm83QjmVY');
insert into Staff (StaffID, StaffEmail, EmployeeID, Password) values (37, 'dsanchez10@cnet.com', 36030, '3aLwE8fsu2G');
insert into Staff (StaffID, StaffEmail, EmployeeID, Password) values (38, 'estevens11@over-blog.com', 45326, 'KMRFt6sH8Kd');
insert into Staff (StaffID, StaffEmail, EmployeeID, Password) values (39, 'bdean12@eventbrite.com', 97904, 'olQoUs');
insert into Staff (StaffID, StaffEmail, EmployeeID, Password) values (40, 'mmccoy13@drupal.org', 11267, 'qjOHkJlY');
insert into Staff (StaffID, StaffEmail, EmployeeID, Password) values (41, 'jwashington14@mtv.com', 98146, 'bTpTOI');
insert into Staff (StaffID, StaffEmail, EmployeeID, Password) values (42, 'jmccoy15@digg.com', 83363, 'Q0iBDFB1By0');
insert into Staff (StaffID, StaffEmail, EmployeeID, Password) values (43, 'nfields16@netvibes.com', 52988, 'aByZ3Nbb75');
insert into Staff (StaffID, StaffEmail, EmployeeID, Password) values (44, 'gpeterson17@mapy.cz', 61880, 'sSaWFy2');
insert into Staff (StaffID, StaffEmail, EmployeeID, Password) values (45, 'jhall18@wired.com', 41241, 'JAfQOeGiv');
insert into Staff (StaffID, StaffEmail, EmployeeID, Password) values (46, 'mgardner19@go.com', 76846, 'PZTdzqxv98EZ');
insert into Staff (StaffID, StaffEmail, EmployeeID, Password) values (47, 'jlong1a@geocities.com', 52330, 'hnsMMar');
insert into Staff (StaffID, StaffEmail, EmployeeID, Password) values (48, 'ihenry1b@amazon.de', 12806, 'YRtSWdJ0K');
insert into Staff (StaffID, StaffEmail, EmployeeID, Password) values (49, 'lriley1c@va.gov', 63033, '6p5NWDogbn3');
insert into Staff (StaffID, StaffEmail, EmployeeID, Password) values (50, 'jadams1d@wsj.com', 94538, 'lNev86Q8v7');
insert into Staff (StaffID, StaffEmail, EmployeeID, Password) values (51, 'lwilson1e@vkontakte.ru', 79240, 'jgOGhpl');
insert into Staff (StaffID, StaffEmail, EmployeeID, Password) values (52, 'aperkins1f@example.com', 23441, 'cKaSAk4DH');
insert into Staff (StaffID, StaffEmail, EmployeeID, Password) values (53, 'fgardner1g@aol.com', 84026, 'KZoUo8oKEl');
insert into Staff (StaffID, StaffEmail, EmployeeID, Password) values (54, 'eday1h@army.mil', 91150, 'HShSg9fhHSv');
insert into Staff (StaffID, StaffEmail, EmployeeID, Password) values (55, 'mnichols1i@lycos.com', 91732, 'eJES1X');
insert into Staff (StaffID, StaffEmail, EmployeeID, Password) values (56, 'mwillis1j@youtube.com', 48953, 'EZ6hWF2Gn');
insert into Staff (StaffID, StaffEmail, EmployeeID, Password) values (57, 'rhansen1k@dell.com', 12023, 'NP2Ql2yDj');
insert into Staff (StaffID, StaffEmail, EmployeeID, Password) values (58, 'hchavez1l@sitemeter.com', 46208, 'riwTqo797');
insert into Staff (StaffID, StaffEmail, EmployeeID, Password) values (59, 'janderson1m@symantec.com', 33080, '6Zdhp7XqLiWi');
insert into Staff (StaffID, StaffEmail, EmployeeID, Password) values (60, 'lthomas1n@sogou.com', 59685, 'ytVUAlY17B');
insert into Staff (StaffID, StaffEmail, EmployeeID, Password) values (61, 'mreid1o@usatoday.com', 24150, '6lYSwflAzR');
insert into Staff (StaffID, StaffEmail, EmployeeID, Password) values (62, 'rrichardson1p@guardian.co.uk', 69307, '43KqBLe3');
insert into Staff (StaffID, StaffEmail, EmployeeID, Password) values (63, 'dspencer1q@auda.org.au', 99056, 'aCppdV');
insert into Staff (StaffID, StaffEmail, EmployeeID, Password) values (64, 'dwillis1r@dot.gov', 47562, 'ic0FZ4');
insert into Staff (StaffID, StaffEmail, EmployeeID, Password) values (65, 'dwoods1s@sbwire.com', 63549, 'u0CLrFjxW');
insert into Staff (StaffID, StaffEmail, EmployeeID, Password) values (66, 'vsanchez1t@dailymotion.com', 46721, 'CeH5jIkzVm');
insert into Staff (StaffID, StaffEmail, EmployeeID, Password) values (67, 'sfowler1u@twitter.com', 24801, 'wMNjynP9XcZ');
insert into Staff (StaffID, StaffEmail, EmployeeID, Password) values (68, 'bellis1v@multiply.com', 63408, 'AltDwtQCyr');
insert into Staff (StaffID, StaffEmail, EmployeeID, Password) values (69, 'cgomez1w@springer.com', 79257, 'nQgy07HSR1');
insert into Staff (StaffID, StaffEmail, EmployeeID, Password) values (70, 'rcole1x@ucsd.edu', 55224, '2rG6f7f');




insert into StaffProgram (ProgramID, StaffID) values (76, 64);
insert into StaffProgram (ProgramID, StaffID) values (70, 29);
insert into StaffProgram (ProgramID, StaffID) values (56, 43);
insert into StaffProgram (ProgramID, StaffID) values (63, 42);
insert into StaffProgram (ProgramID, StaffID) values (20, 14);
insert into StaffProgram (ProgramID, StaffID) values (14, 51);
insert into StaffProgram (ProgramID, StaffID) values (65, 69);
insert into StaffProgram (ProgramID, StaffID) values (38, 14);
insert into StaffProgram (ProgramID, StaffID) values (8, 21);
insert into StaffProgram (ProgramID, StaffID) values (54, 41);
insert into StaffProgram (ProgramID, StaffID) values (89, 38);
insert into StaffProgram (ProgramID, StaffID) values (28, 34);
insert into StaffProgram (ProgramID, StaffID) values (26, 13);
insert into StaffProgram (ProgramID, StaffID) values (19, 32);
insert into StaffProgram (ProgramID, StaffID) values (42, 8);
insert into StaffProgram (ProgramID, StaffID) values (26, 14);
insert into StaffProgram (ProgramID, StaffID) values (36, 8);
insert into StaffProgram (ProgramID, StaffID) values (9, 7);
insert into StaffProgram (ProgramID, StaffID) values (24, 10);
insert into StaffProgram (ProgramID, StaffID) values (14, 63);
insert into StaffProgram (ProgramID, StaffID) values (91, 61);
insert into StaffProgram (ProgramID, StaffID) values (57, 27);
insert into StaffProgram (ProgramID, StaffID) values (77, 70);
insert into StaffProgram (ProgramID, StaffID) values (9, 54);
insert into StaffProgram (ProgramID, StaffID) values (20, 10);
insert into StaffProgram (ProgramID, StaffID) values (82, 60);
insert into StaffProgram (ProgramID, StaffID) values (82, 1);
insert into StaffProgram (ProgramID, StaffID) values (47, 32);
insert into StaffProgram (ProgramID, StaffID) values (28, 62);
insert into StaffProgram (ProgramID, StaffID) values (73, 17);
insert into StaffProgram (ProgramID, StaffID) values (2, 40);
insert into StaffProgram (ProgramID, StaffID) values (18, 48);
insert into StaffProgram (ProgramID, StaffID) values (53, 55);
insert into StaffProgram (ProgramID, StaffID) values (58, 37);
insert into StaffProgram (ProgramID, StaffID) values (58, 1);
insert into StaffProgram (ProgramID, StaffID) values (58, 62);
insert into StaffProgram (ProgramID, StaffID) values (36, 9);
insert into StaffProgram (ProgramID, StaffID) values (2, 55);
insert into StaffProgram (ProgramID, StaffID) values (27, 69);
insert into StaffProgram (ProgramID, StaffID) values (67, 62);
insert into StaffProgram (ProgramID, StaffID) values (95, 2);
insert into StaffProgram (ProgramID, StaffID) values (8, 44);
insert into StaffProgram (ProgramID, StaffID) values (45, 46);
insert into StaffProgram (ProgramID, StaffID) values (13, 70);
insert into StaffProgram (ProgramID, StaffID) values (41, 58);
insert into StaffProgram (ProgramID, StaffID) values (19, 21);
insert into StaffProgram (ProgramID, StaffID) values (48, 12);
insert into StaffProgram (ProgramID, StaffID) values (32, 33);
insert into StaffProgram (ProgramID, StaffID) values (5, 58);
insert into StaffProgram (ProgramID, StaffID) values (76, 66);
insert into StaffProgram (ProgramID, StaffID) values (1, 20);
insert into StaffProgram (ProgramID, StaffID) values (7, 1);
insert into StaffProgram (ProgramID, StaffID) values (42, 7);
insert into StaffProgram (ProgramID, StaffID) values (77, 58);
insert into StaffProgram (ProgramID, StaffID) values (7, 24);
insert into StaffProgram (ProgramID, StaffID) values (74, 10);
insert into StaffProgram (ProgramID, StaffID) values (67, 48);
insert into StaffProgram (ProgramID, StaffID) values (4, 16);
insert into StaffProgram (ProgramID, StaffID) values (10, 43);
insert into StaffProgram (ProgramID, StaffID) values (8, 28);
insert into StaffProgram (ProgramID, StaffID) values (71, 14);
insert into StaffProgram (ProgramID, StaffID) values (22, 11);
insert into StaffProgram (ProgramID, StaffID) values (3, 45);
insert into StaffProgram (ProgramID, StaffID) values (83, 26);
insert into StaffProgram (ProgramID, StaffID) values (67, 10);
insert into StaffProgram (ProgramID, StaffID) values (48, 36);
insert into StaffProgram (ProgramID, StaffID) values (21, 15);
insert into StaffProgram (ProgramID, StaffID) values (8, 29);
insert into StaffProgram (ProgramID, StaffID) values (30, 48);
insert into StaffProgram (ProgramID, StaffID) values (23, 3);
insert into StaffProgram (ProgramID, StaffID) values (55, 24);
insert into StaffProgram (ProgramID, StaffID) values (89, 13);
insert into StaffProgram (ProgramID, StaffID) values (57, 70);
insert into StaffProgram (ProgramID, StaffID) values (90, 1);
insert into StaffProgram (ProgramID, StaffID) values (34, 10);
insert into StaffProgram (ProgramID, StaffID) values (20, 52);
insert into StaffProgram (ProgramID, StaffID) values (91, 4);
insert into StaffProgram (ProgramID, StaffID) values (59, 43);
insert into StaffProgram (ProgramID, StaffID) values (23, 52);
insert into StaffProgram (ProgramID, StaffID) values (60, 59);
insert into StaffProgram (ProgramID, StaffID) values (50, 56);
insert into StaffProgram (ProgramID, StaffID) values (6, 22);
insert into StaffProgram (ProgramID, StaffID) values (62, 15);
insert into StaffProgram (ProgramID, StaffID) values (10, 18);
insert into StaffProgram (ProgramID, StaffID) values (56, 49);
insert into StaffProgram (ProgramID, StaffID) values (17, 54);
insert into StaffProgram (ProgramID, StaffID) values (98, 6);
insert into StaffProgram (ProgramID, StaffID) values (56, 45);
insert into StaffProgram (ProgramID, StaffID) values (66, 1);
insert into StaffProgram (ProgramID, StaffID) values (24, 26);
insert into StaffProgram (ProgramID, StaffID) values (40, 29);
insert into StaffProgram (ProgramID, StaffID) values (96, 47);
insert into StaffProgram (ProgramID, StaffID) values (38, 42);
insert into StaffProgram (ProgramID, StaffID) values (74, 40);
insert into StaffProgram (ProgramID, StaffID) values (99, 49);
insert into StaffProgram (ProgramID, StaffID) values (59, 27);
insert into StaffProgram (ProgramID, StaffID) values (52, 28);
insert into StaffProgram (ProgramID, StaffID) values (45, 59);
insert into StaffProgram (ProgramID, StaffID) values (35, 57);
insert into StaffProgram (ProgramID, StaffID) values (86, 31);
insert into StaffProgram (ProgramID, StaffID) values (6, 31);
insert into StaffProgram (ProgramID, StaffID) values (14, 48);
insert into StaffProgram (ProgramID, StaffID) values (40, 33);
insert into StaffProgram (ProgramID, StaffID) values (82, 7);
insert into StaffProgram (ProgramID, StaffID) values (54, 49);
insert into StaffProgram (ProgramID, StaffID) values (45, 56);
insert into StaffProgram (ProgramID, StaffID) values (82, 50);
insert into StaffProgram (ProgramID, StaffID) values (12, 62);
insert into StaffProgram (ProgramID, StaffID) values (77, 50);
insert into StaffProgram (ProgramID, StaffID) values (90, 47);
insert into StaffProgram (ProgramID, StaffID) values (22, 67);

insert into StaffProgram (ProgramID, StaffID) values (8, 17);
insert into StaffProgram (ProgramID, StaffID) values (60, 65);
insert into StaffProgram (ProgramID, StaffID) values (18, 9);
insert into StaffProgram (ProgramID, StaffID) values (71, 59);
insert into StaffProgram (ProgramID, StaffID) values (26, 36);
insert into StaffProgram (ProgramID, StaffID) values (11, 15);
insert into StaffProgram (ProgramID, StaffID) values (76, 8);
insert into StaffProgram (ProgramID, StaffID) values (18, 56);
insert into StaffProgram (ProgramID, StaffID) values (88, 62);
insert into StaffProgram (ProgramID, StaffID) values (11, 40);
insert into StaffProgram (ProgramID, StaffID) values (9, 49);
insert into StaffProgram (ProgramID, StaffID) values (3, 35);
insert into StaffProgram (ProgramID, StaffID) values (43, 64);
insert into StaffProgram (ProgramID, StaffID) values (25, 19);
insert into StaffProgram (ProgramID, StaffID) values (40, 41);
insert into StaffProgram (ProgramID, StaffID) values (80, 70);
insert into StaffProgram (ProgramID, StaffID) values (4, 57);
insert into StaffProgram (ProgramID, StaffID) values (5, 45);
insert into StaffProgram (ProgramID, StaffID) values (56, 57);
insert into StaffProgram (ProgramID, StaffID) values (85, 38);
insert into StaffProgram (ProgramID, StaffID) values (38, 22);
insert into StaffProgram (ProgramID, StaffID) values (30, 46);
insert into StaffProgram (ProgramID, StaffID) values (28, 5);
insert into StaffProgram (ProgramID, StaffID) values (85, 37);
insert into StaffProgram (ProgramID, StaffID) values (38, 39);
insert into StaffProgram (ProgramID, StaffID) values (1, 12);
insert into StaffProgram (ProgramID, StaffID) values (5, 61);
insert into StaffProgram (ProgramID, StaffID) values (100, 28);
insert into StaffProgram (ProgramID, StaffID) values (42, 42);
insert into StaffProgram (ProgramID, StaffID) values (17, 8);
insert into StaffProgram (ProgramID, StaffID) values (32, 1);
insert into StaffProgram (ProgramID, StaffID) values (12, 31);
insert into StaffProgram (ProgramID, StaffID) values (51, 7);
insert into StaffProgram (ProgramID, StaffID) values (92, 53);
insert into StaffProgram (ProgramID, StaffID) values (14, 55);
insert into StaffProgram (ProgramID, StaffID) values (95, 11);
insert into StaffProgram (ProgramID, StaffID) values (99, 8);
insert into StaffProgram (ProgramID, StaffID) values (52, 25);
insert into StaffProgram (ProgramID, StaffID) values (63, 66);
insert into StaffProgram (ProgramID, StaffID) values (19, 34);
insert into StaffProgram (ProgramID, StaffID) values (14, 21);
insert into StaffProgram (ProgramID, StaffID) values (88, 56);
insert into StaffProgram (ProgramID, StaffID) values (3, 49);
insert into StaffProgram (ProgramID, StaffID) values (45, 52);
insert into StaffProgram (ProgramID, StaffID) values (43, 7);
insert into StaffProgram (ProgramID, StaffID) values (2, 9);
insert into StaffProgram (ProgramID, StaffID) values (8, 39);
insert into StaffProgram (ProgramID, StaffID) values (40, 52);
insert into StaffProgram (ProgramID, StaffID) values (20, 6);
insert into StaffProgram (ProgramID, StaffID) values (86, 16);
insert into StaffProgram (ProgramID, StaffID) values (92, 9);
insert into StaffProgram (ProgramID, StaffID) values (22, 25);
insert into StaffProgram (ProgramID, StaffID) values (50, 24);

insert into StaffProgram (ProgramID, StaffID) values (40, 30);
insert into StaffProgram (ProgramID, StaffID) values (95, 14);

insert into StaffProgram (ProgramID, StaffID) values (26, 17);
insert into StaffProgram (ProgramID, StaffID) values (43, 6);
insert into StaffProgram (ProgramID, StaffID) values (39, 55);
insert into StaffProgram (ProgramID, StaffID) values (95, 8);
insert into StaffProgram (ProgramID, StaffID) values (74, 22);
insert into StaffProgram (ProgramID, StaffID) values (97, 63);
insert into StaffProgram (ProgramID, StaffID) values (16, 57);
insert into StaffProgram (ProgramID, StaffID) values (8, 56);
insert into StaffProgram (ProgramID, StaffID) values (44, 62);
insert into StaffProgram (ProgramID, StaffID) values (56, 23);
insert into StaffProgram (ProgramID, StaffID) values (57, 13);
insert into StaffProgram (ProgramID, StaffID) values (78, 14);
insert into StaffProgram (ProgramID, StaffID) values (5, 20);
insert into StaffProgram (ProgramID, StaffID) values (21, 3);
insert into StaffProgram (ProgramID, StaffID) values (16, 27);
insert into StaffProgram (ProgramID, StaffID) values (82, 44);
insert into StaffProgram (ProgramID, StaffID) values (97, 21);
insert into StaffProgram (ProgramID, StaffID) values (45, 19);
insert into StaffProgram (ProgramID, StaffID) values (50, 10);
insert into StaffProgram (ProgramID, StaffID) values (67, 6);
